threshold,precision,recall,f1
2.2385406e-05,0.15657894736842104,1.0,0.27076222980659836
3.0591546e-05,0.15664765247915752,1.0,0.2708649468892261
3.403871e-05,0.15671641791044777,1.0,0.27096774193548384
3.4116638e-05,0.15678524374176547,1.0,0.27107061503416857
3.4285324e-05,0.15685413005272408,1.0,0.2711735662742119
3.4734938e-05,0.15699208443271767,1.0,0.27137970353477764
3.4903056e-05,0.1570611526616806,1.0,0.2714828897338403
3.5344416e-05,0.15713028169014084,1.0,0.2715861544313427
3.535453e-05,0.1571994715984148,1.0,0.271689497716895
3.6433343e-05,0.15726872246696036,1.0,0.2717929196802436
3.746199e-05,0.15733803437637725,1.0,0.2718964204112719
3.7707076e-05,0.1574074074074074,1.0,0.272
3.947762e-05,0.15747684164093514,1.0,0.27210365853658536
3.9729188e-05,0.15754633715798763,1.0,0.2722073961113229
4.0915605e-05,0.1576158940397351,1.0,0.2723112128146453
4.2283405e-05,0.15768551236749118,1.0,0.27241510873712327
4.4904005e-05,0.15775519222271323,1.0,0.27251908396946567
4.5030378e-05,0.15782493368700265,1.0,0.2726231386025201
4.6316625e-05,0.15789473684210525,1.0,0.2727272727272727
4.8144037e-05,0.1579646017699115,1.0,0.27283148643484906
4.8857688e-05,0.15803452855245684,1.0,0.27293577981651373
4.976937e-05,0.15810451727192207,1.0,0.2730401529636712
5.023514e-05,0.1581745680106336,1.0,0.27314460596786533
5.0681534e-05,0.15824468085106383,1.0,0.27324913892078073
5.2158623e-05,0.1583148558758315,1.0,0.273353751914242
5.28277e-05,0.15838509316770186,1.0,0.2734584450402145
5.288799e-05,0.1584553928095872,1.0,0.2735632183908046
5.3649183e-05,0.15852575488454707,1.0,0.2736680720582598
5.461151e-05,0.15859617947578855,1.0,0.2737730061349693
5.5502638e-05,0.15866666666666668,1.0,0.27387802071346373
5.5970526e-05,0.15873721654068476,1.0,0.27398311588641594
5.709828e-05,0.15880782918149466,1.0,0.27408829174664107
5.8159178e-05,0.1588785046728972,1.0,0.27419354838709675
6.0244325e-05,0.1589492430988424,1.0,0.27429888590088364
6.0802548e-05,0.15902004454342986,1.0,0.27440430438124525
6.128513e-05,0.1590909090909091,1.0,0.2745098039215686
6.1617684e-05,0.1591618368256799,1.0,0.2746153846153846
6.171301e-05,0.1592328278322926,1.0,0.27472104655636786
6.2538384e-05,0.15930388219544847,1.0,0.2748267898383372
6.5003616e-05,0.159375,1.0,0.274932614555256
6.622925e-05,0.15944618133095131,1.0,0.27503852080123264
6.695055e-05,0.15951742627345844,1.0,0.2751445086705202
6.812845e-05,0.15958873491282968,1.0,0.2752505782575173
6.9507056e-05,0.15966010733452593,1.0,0.2753567296567682
7.132278e-05,0.1597315436241611,1.0,0.27546296296296297
7.3017436e-05,0.15987460815047022,1.0,0.2756756756756757
7.378599e-05,0.15994623655913978,1.0,0.27578215527230593
7.5245836e-05,0.16001792917974003,1.0,0.2758887171561051
7.526802e-05,0.1600896860986547,1.0,0.2759953614224971
7.765324e-05,0.1601615074024226,1.0,0.2761020881670534
7.881992e-05,0.16023339317773788,1.0,0.27620889748549327
7.919655e-05,0.16030534351145037,1.0,0.2763157894736842
7.954835e-05,0.16037735849056603,1.0,0.2764227642276422
8.0107406e-05,0.1604494382022472,1.0,0.27652982184353214
8.104705e-05,0.16052158273381295,1.0,0.2766369624176676
8.189824e-05,0.16059379217273953,1.0,0.2767441860465116
8.29551e-05,0.16066606660666066,1.0,0.27685149282667704
8.342131e-05,0.16073840612336784,1.0,0.27695888285492626
8.4869454e-05,0.1608108108108108,1.0,0.2770663562281723
8.562783e-05,0.1608832807570978,1.0,0.27717391304347827
8.58525e-05,0.16095581605049594,1.0,0.2772815533980582
8.772373e-05,0.16102841677943167,1.0,0.27738927738927743
8.863421e-05,0.161101083032491,1.0,0.27749708511465215
8.929636e-05,0.16117381489841986,1.0,0.2776049766718507
8.944686e-05,0.16124661246612465,1.0,0.27771295215869307
8.9634115e-05,0.1613194758246724,1.0,0.27782101167315176
8.975899e-05,0.16139240506329114,1.0,0.2779291553133515
9.007315e-05,0.1614654002713704,1.0,0.27803738317757004
9.054792e-05,0.16153846153846155,1.0,0.2781456953642384
9.206365e-05,0.16161158895427796,1.0,0.2782540919719408
9.254116e-05,0.16168478260869565,1.0,0.2783625730994152
9.3785864e-05,0.1617580425917535,1.0,0.2784711388455538
9.4141855e-05,0.16183136899365366,1.0,0.278579789309403
9.4409756e-05,0.1619047619047619,1.0,0.2786885245901639
9.472177e-05,0.161978221415608,1.0,0.27879734478719254
9.472818e-05,0.16205174761688607,1.0,0.27890624999999997
9.480907e-05,0.16212534059945505,1.0,0.27901524032825326
9.500554e-05,0.16219900045433894,1.0,0.27912431587177483
9.7058844e-05,0.16227272727272726,1.0,0.27923347673054355
9.7896525e-05,0.16234652114597545,1.0,0.27934272300469487
9.7898774e-05,0.1624203821656051,1.0,0.2794520547945205
9.8095756e-05,0.1624943104233045,1.0,0.27956147220046984
9.8219585e-05,0.16256830601092895,1.0,0.2796709753231492
9.83721e-05,0.16264236902050114,1.0,0.2797805642633229
9.8606986e-05,0.1627164995442115,1.0,0.279890239121913
9.893069e-05,0.16279069767441862,1.0,0.28
9.905586e-05,0.16286496350364962,1.0,0.280109846998823
0.000102048674,0.16293929712460065,1.0,0.2802197802197802
0.000103133985,0.16308816811329374,1.0,0.2804399057344855
0.00010316722,0.16316270566727606,1.0,0.28055009823182714
0.00010418888,0.16323731138545952,1.0,0.28066037735849053
0.00010441715,0.16331198536139066,1.0,0.2807707432166732
0.00010467675,0.16338672768878718,1.0,0.2808811959087332
0.00010640167,0.16346153846153846,1.0,0.2809917355371901
0.00010788555,0.16353641777370592,1.0,0.2811023622047244
0.00010855819,0.16361136571952337,1.0,0.28121307601417883
0.00010907931,0.16368638239339753,1.0,0.2813238770685579
0.00010920159,0.16376146788990825,1.0,0.2814347654710288
0.00010948519,0.16383662230380908,1.0,0.2815457413249211
0.00010988265,0.16391184573002754,1.0,0.2816568047337278
0.000109908106,0.1639871382636656,1.0,0.281767955801105
0.00011103304,0.1640625,1.0,0.28187919463087246
0.000111996545,0.16413793103448276,1.0,0.2819905213270142
0.00011203362,0.16421343146274148,1.0,0.2821019359936784
0.000112283444,0.16428900138057984,1.0,0.28221343873517785
0.00011567189,0.1643646408839779,1.0,0.28232502965599054
0.00011695436,0.16444035006909258,1.0,0.2824367088607595
0.000117901436,0.16451612903225807,1.0,0.28254847645429365
0.00012193763,0.16459197786998617,1.0,0.2826603325415677
0.000122055586,0.16466789667896678,1.0,0.28277227722772275
0.00012300526,0.1647438855560683,1.0,0.28288431061806657
0.00012382386,0.16481994459833796,1.0,0.28299643281807374
0.00012434351,0.16489607390300232,1.0,0.2831086439333862
0.00012441717,0.16497227356746766,1.0,0.2832209440698136
0.00012646108,0.1650485436893204,1.0,0.2833333333333334
0.00012676725,0.16512488436632747,1.0,0.28344581183009127
0.0001277844,0.16520129569643682,1.0,0.2835583796664019
0.00012881831,0.16527777777777777,1.0,0.28367103694874846
0.00012989946,0.16535433070866143,1.0,0.2837837837837838
0.00013029682,0.16543095458758109,1.0,0.28389662027833
0.00013085213,0.16550764951321278,1.0,0.28400954653937943
0.00013136934,0.16558441558441558,1.0,0.28412256267409475
0.00013154419,0.165661252900232,1.0,0.28423566878980894
0.00013247771,0.16573816155988857,1.0,0.2843488649940263
0.00013510248,0.1658151416627961,1.0,0.2844621513944223
0.00013543411,0.16596931659693165,1.0,0.284688995215311
0.00013622078,0.16604651162790698,1.0,0.28480255285201433
0.0001369329,0.16612377850162866,1.0,0.2849162011173184
0.00013740126,0.16620111731843576,1.0,0.2850299401197605
0.00013839905,0.16627852817885422,1.0,0.28514376996805113
0.0001396165,0.16635601118359739,1.0,0.2852576907710747
0.00014126176,0.16643356643356644,1.0,0.28537170263788975
0.0001413484,0.16651119402985073,1.0,0.2854858056777289
0.0001435744,0.16658889407372843,1.0,0.2856
0.000143673,0.16666666666666666,1.0,0.2857142857142857
0.00014389251,0.16674451191032227,1.0,0.28582866293034426
0.00014431159,0.16682242990654206,1.0,0.2859431317581097
0.00014529371,0.16690042075736325,1.0,0.2860576923076923
0.00014565507,0.16697848456501402,1.0,0.28617234468937874
0.00014716238,0.1670566214319139,1.0,0.2862870890136327
0.00014765574,0.16713483146067415,1.0,0.28640192539109505
0.00014767447,0.16721311475409836,1.0,0.2865168539325843
0.00014833537,0.16729147141518275,1.0,0.28663187474909674
0.00014883012,0.16736990154711673,1.0,0.2867469879518072
0.00015038447,0.1674484052532833,1.0,0.28686219365206916
0.00015101141,0.16752698263725951,1.0,0.28697749196141475
0.00015139361,0.1676056338028169,1.0,0.2870928829915561
0.0001524155,0.16768435885392202,1.0,0.28720836685438456
0.0001544772,0.16776315789473684,1.0,0.28732394366197184
0.00015450695,0.16784203102961917,1.0,0.28743961352657005
0.00015493938,0.16792097836312322,1.0,0.28755537656061214
0.00015494735,0.168,1.0,0.28767123287671237
0.00015569126,0.16807909604519775,1.0,0.2877871825876663
0.00015613742,0.16815826660386246,1.0,0.2879032258064516
0.00015711144,0.16823751178133836,1.0,0.2880193626462283
0.00015736962,0.16831683168316833,1.0,0.288135593220339
0.00015862548,0.16839622641509433,1.0,0.2882519176423093
0.00015892115,0.16855524079320114,1.0,0.2884848484848485
0.00015907336,0.16863486065186584,1.0,0.28860145513338725
0.00016010432,0.16871455576559546,1.0,0.2887181560857259
0.00016143524,0.16879432624113475,1.0,0.2888349514563107
0.00016171024,0.16887417218543047,1.0,0.28895184135977336
0.00016229476,0.1689540937056318,1.0,0.2890688259109312
0.0001625297,0.1690340909090909,1.0,0.2891859052247874
0.0001633463,0.16911416390336334,1.0,0.2893030794165316
0.0001654209,0.16919431279620853,1.0,0.2894203486015403
0.00016569243,0.16927453769559034,1.0,0.2895377128953771
0.00016575848,0.1693548387096774,1.0,0.28965517241379307
0.00016630054,0.16943521594684385,1.0,0.28977272727272724
0.00016693317,0.16951566951566951,1.0,0.28989037758830694
0.00016815128,0.16959619952494062,1.0,0.29000812347684807
0.0001684557,0.16975748930099857,1.0,0.29024390243902437
0.00017086741,0.1698382492863939,1.0,0.2903619357462383
0.00017309001,0.16991908614945264,1.0,0.290480065093572
0.00017310816,0.17,1.0,0.2905982905982906
0.0001764986,0.1700809909480705,1.0,0.2907166123778501
0.00017790859,0.1701620591039085,1.0,0.2908350305498982
0.00018259558,0.17024320457796852,1.0,0.29095354523227385
0.00018263144,0.17032442748091603,1.0,0.2910721565430086
0.00018278998,0.17040572792362768,1.0,0.2911908646003262
0.00018566001,0.17048710601719197,1.0,0.2913096695226438
0.0001865099,0.1705685618729097,1.0,0.29142857142857137
0.00018678646,0.17065009560229447,1.0,0.29154757043691304
0.00018864144,0.17073170731707318,1.0,0.2916666666666667
0.00019123354,0.1708133971291866,1.0,0.29178586023702496
0.00019143277,0.17097701149425287,1.0,0.29202453987730065
0.00019263502,0.17105893627216098,1.0,0.29214402618657936
0.000193227,0.17114093959731544,1.0,0.2922636103151863
0.00019435468,0.1712230215827338,1.0,0.2923832923832924
0.00019485697,0.17130518234165068,1.0,0.2925030725112659
0.00019760964,0.17146974063400577,1.0,0.2927429274292743
0.00019885939,0.1715521383950024,1.0,0.29286300246103364
0.0001989897,0.17163461538461539,1.0,0.29298317603610996
0.00019899521,0.1717171717171717,1.0,0.29310344827586204
0.0001990937,0.1717998075072185,1.0,0.29322381930184804
0.00020024569,0.17188252286952335,1.0,0.2933442892358258
0.00020092101,0.17196531791907516,1.0,0.2934648581997534
0.00020130971,0.17204819277108432,1.0,0.29358552631578944
0.000201384,0.1721311475409836,1.0,0.2937062937062937
0.00020185421,0.17221418234442837,1.0,0.2938271604938272
0.0002027216,0.17229729729729729,1.0,0.2939481268011527
0.00020287184,0.1723804925156929,1.0,0.2940691927512356
0.00020400308,0.17246376811594202,1.0,0.2941903584672435
0.00020430228,0.17254712421459642,1.0,0.2943116240725474
0.00020611369,0.17263056092843326,1.0,0.2944329896907216
0.0002063845,0.17271407837445574,1.0,0.29455445544554454
0.00020691608,0.1727976766698935,1.0,0.29467602146099875
0.00020832795,0.17288135593220338,1.0,0.2947976878612717
0.00020833034,0.17296511627906977,1.0,0.2949194547707559
0.00020884883,0.17304895782840524,1.0,0.2950413223140496
0.00020953057,0.17313288069835112,1.0,0.295163290615957
0.00021024622,0.17321688500727803,1.0,0.29528535980148884
0.00021032682,0.17338513841670714,1.0,0.2955298013245033
0.00021084926,0.17346938775510204,1.0,0.29565217391304344
0.00021161945,0.17355371900826447,1.0,0.29577464788732394
0.00021445502,0.17363813229571984,1.0,0.2958972233733941
0.00021564594,0.17372262773722627,1.0,0.2960199004975124
0.00021606476,0.17380720545277506,1.0,0.2961426793861468
0.00021648686,0.17389186556259134,1.0,0.2962655601659751
0.00021661034,0.1739766081871345,1.0,0.29638854296388545
0.00021874621,0.17406143344709898,1.0,0.29651162790697677
0.00021919257,0.17414634146341462,1.0,0.2966348151225592
0.0002192971,0.17423133235724744,1.0,0.2967581047381546
0.00022003727,0.17431640625,1.0,0.2968814968814969
0.0002218536,0.17440156326331216,1.0,0.2970049916805324
0.00022273297,0.1744868035190616,1.0,0.29712858926342073
0.0002229076,0.1745721271393643,1.0,0.2972522897585345
0.000223049,0.17465753424657535,1.0,0.2973760932944607
0.0002232771,0.17474302496328928,1.0,0.2975
0.00022360306,0.17482859941234083,1.0,0.2976240100041684
0.00022397218,0.1749142577168055,1.0,0.29774812343619683
0.0002248325,0.175,1.0,0.2978723404255319
0.00022586426,0.1750858263854831,1.0,0.2979966611018364
0.00022652638,0.17517173699705593,1.0,0.2981210855949895
0.00022785357,0.17525773195876287,1.0,0.2982456140350877
0.00022853937,0.17534381139489194,1.0,0.2983702465524446
0.00022898585,0.17542997542997543,1.0,0.29849498327759194
0.00022943274,0.17551622418879056,1.0,0.29861982434127976
0.00022967636,0.17560255779636005,1.0,0.298744769874477
0.00022990291,0.17568897637795275,1.0,0.2988698200083717
0.00022998951,0.1757754800590842,1.0,0.2989949748743718
0.00023073365,0.17586206896551723,1.0,0.29912023460410553
0.0002340392,0.1759487432232627,1.0,0.29924559932942163
0.0002354627,0.1760355029585799,1.0,0.29937106918239
0.00023574347,0.1761223482979773,1.0,0.299496644295302
0.00023587546,0.17620927936821323,1.0,0.2996223248006714
0.00023604937,0.17629629629629628,1.0,0.29974811083123426
0.00023647536,0.17638339920948617,1.0,0.2998740025199496
0.00023728413,0.17647058823529413,1.0,0.3
0.00023762554,0.17655786350148367,1.0,0.3001261034047919
0.00023777579,0.17664522513607125,1.0,0.3002523128679563
0.00023900635,0.17673267326732672,1.0,0.30037862852334873
0.0002395941,0.17682020802377416,1.0,0.3005050505050505
0.00023971705,0.17690782953419226,1.0,0.30063157894736836
0.00024045435,0.17699553792761527,1.0,0.3007582139848357
0.00024056237,0.17708333333333334,1.0,0.3008849557522124
0.00024106746,0.1771712158808933,1.0,0.30101180438448566
0.0002413439,0.1772591857000993,1.0,0.3011387600168705
0.00024275697,0.17734724292101342,1.0,0.3012658227848101
0.00024284843,0.17743538767395625,1.0,0.30139299282397636
0.00024347044,0.1775236200895077,1.0,0.3015202702702703
0.00024407917,0.17761194029850746,1.0,0.30164765525982257
0.00024434298,0.17770034843205576,1.0,0.30177514792899407
0.0002443982,0.17778884462151395,1.0,0.30190274841437637
0.00024444738,0.17787742899850523,1.0,0.3020304568527919
0.00024457675,0.17796610169491525,1.0,0.302158273381295
0.00024459074,0.17805486284289276,1.0,0.30228619813717184
0.00024496883,0.1781437125748503,1.0,0.30241423125794153
0.0002456424,0.1782326510234648,1.0,0.30254237288135594
0.0002463148,0.17832167832167833,1.0,0.3026706231454006
0.00024676588,0.17841079460269865,1.0,0.30279898218829515
0.00024893662,0.1785,1.0,0.3029274501484938
0.0002502235,0.17867867867867868,1.0,0.30318471337579617
0.00025311462,0.17876815222834253,1.0,0.3033135089209855
0.00025424678,0.17885771543086174,1.0,0.30344241393965155
0.00025609726,0.17894736842105263,1.0,0.30357142857142855
0.0002578311,0.17903711133400202,1.0,0.30370055295618886
0.00025837417,0.17912694430506773,1.0,0.3038297872340425
0.00025856393,0.17921686746987953,1.0,0.30395913154533843
0.00025909205,0.17930688096433953,1.0,0.3040885860306644
0.00026022762,0.1793969849246231,1.0,0.3042181508308479
0.00026041974,0.1794871794871795,1.0,0.30434782608695654
0.00026227656,0.1795774647887324,1.0,0.3044776119402985
0.00026257057,0.17966784096628083,1.0,0.3046075085324232
0.0002646559,0.1797583081570997,1.0,0.30473751600512167
0.00026485504,0.17984886649874054,1.0,0.304867634500427
0.00026492754,0.17993951612903225,1.0,0.3049978641606151
0.00026615185,0.1800302571860817,1.0,0.30512820512820515
0.000266548,0.18012108980827446,1.0,0.3052586575459598
0.00026856348,0.18021201413427562,1.0,0.30538922155688625
0.0002697241,0.1803030303030303,1.0,0.30551989730423623
0.000270334,0.18039413845376454,1.0,0.3056506849315068
0.0002713372,0.18048533872598585,1.0,0.3057815845824411
0.00027199535,0.18057663125948406,1.0,0.30591259640102825
0.00027251604,0.18066801619433198,1.0,0.3060437205315045
0.00027351142,0.18075949367088606,1.0,0.30617495711835335
0.00027496147,0.18085106382978725,1.0,0.3063063063063063
0.0002751264,0.18094272681196147,1.0,0.30643776824034336
0.00027801824,0.1810344827586207,1.0,0.3065693430656934
0.0002796537,0.1811263318112633,1.0,0.30670103092783507
0.0002801939,0.18121827411167513,1.0,0.3068328319724968
0.00028114437,0.18131030980192991,1.0,0.3069647463456578
0.0002814045,0.18140243902439024,1.0,0.30709677419354836
0.00028366153,0.18149466192170818,1.0,0.3072289156626506
0.00028430318,0.18167938931297709,1.0,0.30749354005167956
0.00028449544,0.18186449312277128,1.0,0.3077586206896552
0.00028546242,0.1819571865443425,1.0,0.3078913324708926
0.0002859113,0.1820499745028047,1.0,0.30802415875754957
0.00028622468,0.18214285714285713,1.0,0.3081570996978852
0.0002864832,0.18223583460949463,1.0,0.30829015544041455
0.00028767847,0.18242207460398568,1.0,0.3085566119273984
0.00028934344,0.18251533742331288,1.0,0.3086900129701686
0.00028935447,0.1826086956521739,1.0,0.3088235294117647
0.00029087823,0.1827021494370522,1.0,0.3089571614019905
0.0002911246,0.1827956989247312,1.0,0.3090909090909091
0.00029160685,0.18298308559712967,1.0,0.3093587521663778
0.0002920595,0.18307692307692308,1.0,0.3094928478543563
0.0002928377,0.1831708568496665,1.0,0.30962705984388555
0.00029397593,0.18326488706365504,1.0,0.30976138828633404
0.0002957518,0.18335901386748846,1.0,0.3098958333333333
0.00029717348,0.18345323741007194,1.0,0.3100303951367781
0.00029720407,0.18354755784061696,1.0,0.31016507384882713
0.00029944442,0.18364197530864199,1.0,0.31029986962190353
0.00029963747,0.18373648996397324,1.0,0.3104347826086956
0.00030113757,0.18383110195674562,1.0,0.31056981296215747
0.00030113844,0.1839258114374034,1.0,0.3107049608355092
0.0003014156,0.18402061855670104,1.0,0.31084022638223774
0.0003050539,0.18411552346570398,1.0,0.31097560975609756
0.0003056,0.18421052631578946,1.0,0.3111111111111111
0.00030816146,0.18430562725864738,1.0,0.31124673060156927
0.00030942823,0.184400826446281,1.0,0.31138246838203226
0.0003098498,0.18449612403100776,1.0,0.31151832460732987
0.00031000286,0.18459152016546018,1.0,0.3116542994325622
0.00031144373,0.18468701500258666,1.0,0.31179039301310046
0.00031218486,0.18478260869565216,1.0,0.3119266055045872
0.00031273864,0.18487830139823924,1.0,0.3120629370629371
0.00031334657,0.1849740932642487,1.0,0.31219938784433754
0.0003136359,0.18506998444790046,1.0,0.3123359580052493
0.00031487565,0.18516597510373445,1.0,0.312472647702407
0.00031491616,0.1852620653866113,1.0,0.3126094570928196
0.00031563092,0.1853582554517134,1.0,0.31274638633377133
0.0003158811,0.18545454545454546,1.0,0.31288343558282206
0.00031916038,0.18555093555093555,1.0,0.313020604997808
0.00032115472,0.1856474258970359,1.0,0.3131578947368421
0.00032164133,0.18574401664932363,1.0,0.3132953049583151
0.0003221655,0.18584070796460178,1.0,0.31343283582089554
0.0003225438,0.1859375,1.0,0.31357048748353095
0.00032262868,0.18603439291297552,1.0,0.31370826010544817
0.00032290994,0.18613138686131386,1.0,0.31384615384615383
0.00032445876,0.18622848200312989,1.0,0.31398416886543534
0.00032548018,0.1864229765013055,1.0,0.3142605633802817
0.00032548176,0.1865203761755486,1.0,0.3143989431968296
0.0003256379,0.18661787767903815,1.0,0.31453744493392066
0.0003268303,0.18671548117154813,1.0,0.31467606875275456
0.0003270133,0.18681318681318682,1.0,0.3148148148148148
0.00032873184,0.1869109947643979,1.0,0.3149536832818703
0.00032971488,0.18700890518596125,1.0,0.31509267431597526
0.0003303747,0.1871069182389937,1.0,0.31523178807947017
0.00033090237,0.18720503408495018,1.0,0.3153710247349823
0.000332122,0.18730325288562436,1.0,0.3155103844454264
0.00033243626,0.18740157480314962,1.0,0.3156498673740053
0.0003325548,0.1875,1.0,0.3157894736842105
0.00033292026,0.18759852863899107,1.0,0.31592920353982296
0.00033397152,0.18769716088328076,1.0,0.3160690571049137
0.0003346555,0.18779589689637033,1.0,0.3162090345438441
0.00033589758,0.18789473684210525,1.0,0.31634913602126713
0.00033986897,0.18799368088467613,1.0,0.31648936170212766
0.0003401815,0.1880927291886196,1.0,0.316629711751663
0.0003409435,0.1881918819188192,1.0,0.31677018633540377
0.00034377835,0.18829113924050633,1.0,0.31691078561917446
0.00034448534,0.18839050131926122,1.0,0.31705150976909413
0.00034495513,0.18848996832101372,1.0,0.31719235895157705
0.00034552978,0.18858954041204437,1.0,0.31733333333333336
0.00034594542,0.1886892177589852,1.0,0.3174744330813695
0.00034625572,0.18878900052882072,1.0,0.31761565836298933
0.00034650986,0.18888888888888888,1.0,0.3177570093457944
0.0003465789,0.18898888300688194,1.0,0.31789848619768474
0.00034880635,0.18908898305084745,1.0,0.31804008908685966
0.00034900478,0.1891891891891892,1.0,0.3181818181818182
0.00035104767,0.18928950159066807,1.0,0.3183236736513598
0.0003521991,0.1893899204244032,1.0,0.31846565566458523
0.00035553722,0.18949044585987262,1.0,0.3186077643908969
0.00035788657,0.1895910780669145,1.0,0.31875
0.00035886557,0.18969181721572795,1.0,0.31889236266190263
0.00035920375,0.189792663476874,1.0,0.3190348525469169
0.00036096547,0.1898936170212766,1.0,0.31917746982565937
0.00036128046,0.18999467802022352,1.0,0.31932021466905186
0.00036337125,0.1900958466453674,1.0,0.3194630872483221
0.00036429215,0.1901971230687267,1.0,0.3196060877350045
0.00036695544,0.19029850746268656,1.0,0.31974921630094044
0.0003672046,0.1904,1.0,0.3198924731182796
0.00036725326,0.1905016008537887,1.0,0.32003585835948006
0.00036767736,0.19060331019754403,1.0,0.3201793721973094
0.0003678777,0.1907051282051282,1.0,0.3203230148048452
0.0003696317,0.190807055050775,1.0,0.32046678635547576
0.00037136365,0.19090909090909092,1.0,0.3206106870229008
0.00037332144,0.19101123595505617,1.0,0.32075471698113206
0.00037339618,0.1911134903640257,1.0,0.3208988764044944
0.00037500059,0.19121585431173005,1.0,0.32104316546762596
0.0003770131,0.19142091152815013,1.0,0.3213321332133213
0.00037840137,0.1915236051502146,1.0,0.32147681224673574
0.00037876048,0.19162640901771336,1.0,0.3216216216216216
0.0003794325,0.19172932330827067,1.0,0.3217665615141956
0.00037969393,0.19183234819989253,1.0,0.3219116321009919
0.00037979076,0.19193548387096773,1.0,0.32205683355886333
0.00038027967,0.19203873050026896,1.0,0.322202166064982
0.00038112767,0.19214208826695373,1.0,0.32234762979683973
0.0003827959,0.19224555735056542,1.0,0.3224932249322493
0.00039095813,0.19234913793103448,1.0,0.32263895164934475
0.00039104797,0.19245283018867926,1.0,0.32278481012658233
0.00039201975,0.1925566343042071,1.0,0.3229308005427408
0.00039515624,0.1926605504587156,1.0,0.3230769230769231
0.00039777675,0.1927645788336933,1.0,0.32322317790855587
0.0003987449,0.19286871961102106,1.0,0.3233695652173913
0.000400237,0.19297297297297297,1.0,0.323516085183507
0.00040257044,0.19307733910221742,1.0,0.3236627379873074
0.00040318683,0.19318181818181818,1.0,0.3238095238095238
0.0004036189,0.19328641039523553,1.0,0.32395644283121594
0.00040449153,0.19339111592632718,1.0,0.3241034952337721
0.00040465852,0.19349593495934958,1.0,0.3242506811989101
0.00040706698,0.1936008676789588,1.0,0.3243980009086779
0.0004074741,0.1937059142702116,1.0,0.3245454545454546
0.00040840288,0.19381107491856678,1.0,0.3246930422919509
0.00041012833,0.19391634980988592,1.0,0.3248407643312102
0.00041122665,0.19402173913043477,1.0,0.32498862084660896
0.00041153666,0.19412724306688417,1.0,0.32513661202185795
0.00041339212,0.19423286180631122,1.0,0.32528473804100233
0.00041553658,0.19433859553620034,1.0,0.325432999088423
0.00041751692,0.19444444444444445,1.0,0.32558139534883723
0.00041792088,0.19455040871934604,1.0,0.3257299270072993
0.0004196793,0.1946564885496183,1.0,0.3258785942492013
0.0004225888,0.19476268412438624,1.0,0.3260273972602739
0.00042272257,0.19486899563318777,1.0,0.3261763362265875
0.00042273087,0.1949754232659749,1.0,0.3263254113345521
0.0004236785,0.19508196721311474,1.0,0.32647462277091904
0.00042417354,0.1951886276653909,1.0,0.3266239707227813
0.00042446904,0.19529540481400437,1.0,0.32677345537757435
0.0004255889,0.19540229885057472,1.0,0.3269230769230769
0.00042586104,0.1955093099671413,1.0,0.32707283554741184
0.00042655395,0.19561643835616438,1.0,0.32722273143904673
0.00042661495,0.19572368421052633,1.0,0.32737276478679506
0.00042802744,0.19583104772353263,1.0,0.3275229357798165
0.00043004332,0.1959385290889133,1.0,0.3276732446076182
0.00043191694,0.19604612850082373,1.0,0.32782369146005513
0.00043357033,0.19615384615384615,1.0,0.3279742765273312
0.00043409056,0.19626168224299065,1.0,0.328125
0.00043458387,0.19636963696369636,1.0,0.32827586206896553
0.00043500768,0.1964777105118327,1.0,0.32842686292548295
0.00043507942,0.19658590308370044,1.0,0.32857800276115967
0.00043575515,0.19669421487603306,1.0,0.3287292817679558
0.0004372077,0.1968026460859978,1.0,0.32888070013818516
0.00043740927,0.1969111969111969,1.0,0.3290322580645161
0.00043773587,0.19701986754966888,1.0,0.3291839557399724
0.00043787938,0.19712865819988956,1.0,0.3293357933579336
0.00043914997,0.19723756906077347,1.0,0.32948777111213656
0.0004393807,0.19734660033167495,1.0,0.32963988919667586
0.0004406176,0.19745575221238937,1.0,0.3297921478060046
0.0004410149,0.1975650249031544,1.0,0.32994454713493526
0.00044179775,0.19767441860465115,1.0,0.3300970873786408
0.00044221742,0.19778393351800555,1.0,0.33024976873265494
0.00044227348,0.19789356984478937,1.0,0.33040259139287365
0.00044233145,0.19800332778702162,1.0,0.33055555555555555
0.00044237848,0.19811320754716982,1.0,0.33070866141732286
0.00044323597,0.19822320932815102,1.0,0.33086190917516217
0.00044404416,0.19833333333333333,1.0,0.3310152990264256
0.00044526593,0.19844357976653695,1.0,0.33116883116883117
0.00044622726,0.1985539488320356,1.0,0.331322505800464
0.0004481071,0.1986644407345576,1.0,0.33147632311977715
0.000452115,0.1987750556792873,1.0,0.3316302833255922
0.00045315674,0.1988857938718663,1.0,0.3317843866171004
0.00045437028,0.19899665551839466,1.0,0.33193863319386335
0.00045769883,0.19910764082543222,1.0,0.33209302325581397
0.0004587091,0.19921875,1.0,0.3322475570032573
0.000463767,0.19932998324958123,1.0,0.3324022346368715
0.00046482697,0.19944134078212292,1.0,0.33255705635770844
0.00046534505,0.1995528228060369,1.0,0.3327120223671948
0.0004655857,0.19966442953020133,1.0,0.3328671328671329
0.00046616592,0.19977616116396194,1.0,0.33302238805970147
0.000467312,0.19988801791713326,1.0,0.33317778814745685
0.00046740336,0.2,1.0,0.33333333333333337
0.0004680777,0.20011210762331838,1.0,0.33348902382064455
0.0004683964,0.20022434099831743,1.0,0.33364485981308406
0.00046972343,0.20033670033670034,1.0,0.33380084151472655
0.00047032826,0.2004491858506457,1.0,0.3339569691300281
0.00047140123,0.200561797752809,1.0,0.3341132428638278
0.00047166127,0.20067453625632378,1.0,0.3342696629213483
0.0004731536,0.20078740157480315,1.0,0.3344262295081967
0.00047365628,0.20090039392234102,1.0,0.3345829428303655
0.00047408993,0.20101351351351351,1.0,0.33473980309423346
0.00047516762,0.20112676056338027,1.0,0.3348968105065666
0.0004756312,0.2012401352874859,1.0,0.335053965274519
0.00047631722,0.20135363790186125,1.0,0.3352112676056338
0.0004776221,0.20146726862302483,1.0,0.3353687177078441
0.00047783292,0.2015810276679842,1.0,0.33552631578947373
0.00047810265,0.2016949152542373,1.0,0.3356840620592384
0.0004790679,0.2018089315997739,1.0,0.33584195672624645
0.00048009673,0.20192307692307693,1.0,0.336
0.00048175783,0.20203735144312393,1.0,0.33615819209039544
0.00048189357,0.20215175537938845,1.0,0.33631653320772487
0.0004834724,0.20226628895184137,1.0,0.3364750235626767
0.00048479592,0.20238095238095238,1.0,0.33663366336633666
0.0004874808,0.20249574588769143,1.0,0.33679245283018866
0.0004880299,0.2026106696935301,1.0,0.3369513921661161
0.0004898618,0.20272572402044292,1.0,0.3371104815864022
0.0004907201,0.2028409090909091,1.0,0.3372697213037317
0.0004928633,0.2029562251279136,1.0,0.33742911153119093
0.0004930593,0.2030716723549488,1.0,0.3375886524822695
0.00049631734,0.20318725099601595,1.0,0.33774834437086093
0.00049792684,0.20330296127562641,1.0,0.33790818741126355
0.00049898063,0.20341880341880342,1.0,0.3380681818181818
0.0005005682,0.20353477765108324,1.0,0.3382283278067267
0.0005026502,0.20365088419851682,1.0,0.33838862559241706
0.00050429365,0.20376712328767124,1.0,0.3385490753911807
0.0005045583,0.20388349514563106,1.0,0.33870967741935487
0.00050681486,0.204,1.0,0.3388704318936877
0.000507165,0.20411663807890223,1.0,0.3390313390313391
0.0005088159,0.204233409610984,1.0,0.33919239904988124
0.0005096831,0.204350314825415,1.0,0.3393536121673004
0.0005112082,0.20446735395189003,1.0,0.33951497860199714
0.00051137246,0.20458452722063036,1.0,0.3396764985727878
0.0005118538,0.20470183486238533,1.0,0.33983817229890534
0.0005122357,0.20481927710843373,1.0,0.34
0.0005130764,0.20493685419058552,1.0,0.340161981896141
0.00051329087,0.20505456634118321,1.0,0.340324118207817
0.0005134705,0.20517241379310344,1.0,0.34048640915593703
0.00051580253,0.2052903967797585,1.0,0.34064885496183206
0.00051642285,0.2054085155350978,1.0,0.34081145584725536
0.00051652384,0.20552677029360966,1.0,0.34097421203438394
0.0005177694,0.2056451612903226,1.0,0.34113712374581945
0.00052002084,0.20576368876080692,1.0,0.3413001912045889
0.0005200893,0.20588235294117646,1.0,0.34146341463414637
0.0005202871,0.20600115406809003,1.0,0.3416267942583732
0.000521263,0.2061200923787529,1.0,0.3417903303015797
0.0005229787,0.20623916811091855,1.0,0.34195402298850575
0.00052301737,0.20635838150289018,1.0,0.342117872544322
0.0005251412,0.20647773279352227,1.0,0.3422818791946309
0.0005256572,0.2065972222222222,1.0,0.34244604316546756
0.0005268787,0.20671685002895193,1.0,0.3426103646833013
0.00053012866,0.20683661645422943,1.0,0.342774843975036
0.0005304862,0.20695652173913043,1.0,0.3429394812680115
0.00053323293,0.20707656612529002,1.0,0.3431042767900048
0.0005334536,0.20719674985490424,1.0,0.34326923076923077
0.0005344618,0.2073170731707317,1.0,0.3434343434343434
0.00053627894,0.2074375363160953,1.0,0.343599615014437
0.0005367878,0.20755813953488372,1.0,0.3437650457390467
0.0005374708,0.20767888307155322,1.0,0.34393063583815026
0.0005396828,0.20779976717112922,1.0,0.3440963855421687
0.0005397718,0.2079207920792079,1.0,0.3442622950819672
0.0005405281,0.20804195804195805,1.0,0.34442836468885674
0.0005410111,0.20816326530612245,1.0,0.34459459459459457
0.00054160546,0.20828471411901983,1.0,0.3447609850313858
0.00054264616,0.2084063047285464,1.0,0.34492753623188405
0.0005438039,0.20852803738317757,1.0,0.3450942484291929
0.00054415804,0.2086499123319696,1.0,0.3452611218568665
0.0005463952,0.20877192982456141,1.0,0.3454281567489115
0.00054664345,0.20889409011117613,1.0,0.345595353339787
0.0005471689,0.20901639344262296,1.0,0.34576271186440677
0.0005511002,0.20913884007029876,1.0,0.34593023255813954
0.000553859,0.20926143024618993,1.0,0.3460979156568105
0.0005557866,0.2093841642228739,1.0,0.3462657613967022
0.00055615196,0.20950704225352113,1.0,0.34643377001455605
0.00056030205,0.20963006459189665,1.0,0.3466019417475728
0.00056104653,0.2097532314923619,1.0,0.34677027683341427
0.0005627338,0.20987654320987653,1.0,0.346938775510204
0.0005628054,0.21,1.0,0.34710743801652894
0.0005633361,0.21012360211889347,1.0,0.3472762645914397
0.00056658377,0.21024734982332155,1.0,0.34744525547445254
0.0005682411,0.2103712433706541,1.0,0.3476144109055501
0.00057090365,0.2104952830188679,1.0,0.3477837311251826
0.00057145674,0.21061946902654868,1.0,0.34795321637426907
0.00057199324,0.21074380165289255,1.0,0.3481228668941979
0.0005724977,0.2108682811577082,1.0,0.34829268292682924
0.00057375606,0.21099290780141844,1.0,0.34846266471449483
0.00057517475,0.2111176818450621,1.0,0.3486328125
0.00057560223,0.21124260355029587,1.0,0.3488031265266243
0.0005757978,0.2113676731793961,1.0,0.34897360703812313
0.00057596667,0.21149289099526067,1.0,0.3491442542787286
0.00057634886,0.21161825726141079,1.0,0.3493150684931507
0.0005776189,0.2117437722419929,1.0,0.3494860499265786
0.0005809048,0.21186943620178042,1.0,0.3496571988246817
0.0005821685,0.21199524940617578,1.0,0.349828515433611
0.00058307505,0.21212121212121213,1.0,0.35
0.0005858263,0.2122473246135553,1.0,0.3501716527709662
0.0005871167,0.21237358715050564,1.0,0.35034347399411186
0.0005907932,0.2125,1.0,0.3505154639175258
0.00059131766,0.21262656343061345,1.0,0.3506876227897839
0.0005922624,0.21275327771156138,1.0,0.3508599508599508
0.0005943893,0.21288014311270126,1.0,0.35103244837758113
0.0005948279,0.21300715990453462,1.0,0.3512051155927201
0.0005972579,0.21313432835820895,1.0,0.3513779527559055
0.00059729326,0.2132616487455197,1.0,0.3515509601181684
0.00059815746,0.21338912133891214,1.0,0.3517241379310345
0.0005990315,0.21351674641148324,1.0,0.35189748644652535
0.00060069753,0.21364452423698385,1.0,0.3520710059171598
0.00060111994,0.21377245508982035,1.0,0.3522446965959546
0.00060296326,0.21390053924505692,1.0,0.35241855873642647
0.0006058932,0.21402877697841727,1.0,0.35259259259259257
0.0006096628,0.21415716856628675,1.0,0.3527667984189723
0.00060992286,0.21428571428571427,1.0,0.35294117647058826
0.0006128136,0.21441441441441442,1.0,0.35311572700296734
0.00061285653,0.21454326923076922,1.0,0.3532904502721425
0.0006150104,0.21467227901383043,1.0,0.35346534653465345
0.0006150567,0.2148014440433213,1.0,0.3536404160475483
0.0006180427,0.21493076459963878,1.0,0.3538156590683845
0.0006182277,0.21506024096385543,1.0,0.3539910758552306
0.00061841216,0.21518987341772153,1.0,0.3541666666666667
0.00062062603,0.21531966224366708,1.0,0.35434243176178665
0.0006218182,0.21544960772480387,1.0,0.35451837140019865
0.0006218831,0.21557971014492755,1.0,0.35469448584202684
0.0006261014,0.21570996978851964,1.0,0.3548707753479125
0.0006283461,0.2158403869407497,1.0,0.3550472401790154
0.0006291296,0.2159709618874773,1.0,0.35522388059701493
0.00063100737,0.21610169491525424,1.0,0.35540069686411146
0.00063143723,0.21623258631132647,1.0,0.3555776892430279
0.0006316834,0.21636363636363637,1.0,0.3557548579970105
0.0006338596,0.21649484536082475,1.0,0.3559322033898305
0.00063403964,0.216626213592233,1.0,0.3561097256857855
0.0006369353,0.2167577413479053,1.0,0.3562874251497006
0.0006372125,0.21688942891859053,1.0,0.3564653020469296
0.0006412676,0.2170212765957447,1.0,0.35664335664335667
0.0006412749,0.21715328467153286,1.0,0.3568215892053973
0.00064405904,0.2172854534388314,1.0,0.35700000000000004
0.00064539735,0.2174177831912302,1.0,0.3571785892946473
0.000648427,0.21755027422303475,1.0,0.3573573573573574
0.00065564696,0.2176829268292683,1.0,0.357536304456685
0.0006586613,0.2178157413056742,1.0,0.3577154308617234
0.00065890996,0.21794871794871795,1.0,0.3578947368421052
0.0006593494,0.2180818570555895,1.0,0.358074222668004
0.000660231,0.21821515892420537,1.0,0.35825388861013546
0.00066220027,0.21834862385321102,1.0,0.35843373493975905
0.000663537,0.21848225214198286,1.0,0.35861376192867905
0.00066496903,0.21861604409063073,1.0,0.3587939698492463
0.00066548854,0.21875,1.0,0.358974358974359
0.0006707947,0.21888412017167383,1.0,0.3591549295774648
0.00067112717,0.21901840490797547,1.0,0.35933568193256166
0.0006739882,0.21915285451197053,1.0,0.3595166163141994
0.0006759124,0.21928746928746928,1.0,0.3596977329974811
0.00067592406,0.2194222495390289,1.0,0.35987903225806456
0.0006769616,0.21955719557195572,1.0,0.36006051437216335
0.0006771965,0.2196923076923077,1.0,0.360242179616549
0.00067765807,0.21982758620689655,1.0,0.36042402826855124
0.00067834725,0.2199630314232902,1.0,0.36060606060606065
0.0006800065,0.22009864364981505,1.0,0.360788276907529
0.0006812412,0.2202344231955583,1.0,0.36097067745197176
0.0006828132,0.22037037037037038,1.0,0.3611532625189682
0.000682862,0.2205064854848672,1.0,0.36133603238866396
0.000684335,0.22064276885043263,1.0,0.3615189873417721
0.000686127,0.22077922077922077,1.0,0.3617021276595745
0.00068671047,0.22091584158415842,1.0,0.361885453623923
0.0006872182,0.22105263157894736,1.0,0.3620689655172414
0.00068773446,0.2211895910780669,1.0,0.36225266362252667
0.00068960135,0.2213267203967762,1.0,0.36243654822335025
0.00068987184,0.22146401985111663,1.0,0.36262061960385983
0.000691496,0.22160148975791433,1.0,0.3628048780487805
0.00069417513,0.2217391304347826,1.0,0.36298932384341637
0.00069495785,0.2218769422001243,1.0,0.3631739572736521
0.0006992942,0.22201492537313433,1.0,0.3633587786259542
0.0006995448,0.22215308027380212,1.0,0.3635437881873727
0.00070757826,0.22229140722291407,1.0,0.36372898624554256
0.00070800696,0.22242990654205608,1.0,0.363914373088685
0.0007101135,0.22256857855361595,1.0,0.3640999490056093
0.000712261,0.22270742358078602,1.0,0.36428571428571427
0.00071610505,0.22284644194756553,1.0,0.36447166921898927
0.00072034635,0.22298563397876328,1.0,0.3646578140960164
0.00073234807,0.223125,1.0,0.36484414920797137
0.0007390798,0.22326454033771106,1.0,0.3650306748466257
0.0007403765,0.22340425531914893,1.0,0.3652173913043478
0.0007413713,0.22354414527238572,1.0,0.3654042988741044
0.0007425974,0.2236842105263158,1.0,0.3655913978494624
0.00074291026,0.22382445141065832,1.0,0.3657786885245902
0.0007546566,0.22396486825595985,1.0,0.36596617119425934
0.0007615504,0.224105461393597,1.0,0.3661538461538462
0.0007683256,0.2242462311557789,1.0,0.366341713699333
0.0007691493,0.22438717787554996,1.0,0.36652977412731
0.00077209924,0.22452830188679246,1.0,0.36671802773497686
0.00077404367,0.22466960352422907,1.0,0.3669064748201439
0.0007779074,0.22481108312342568,1.0,0.3670951156812339
0.0007826012,0.22495274102079396,1.0,0.36728395061728397
0.00078484317,0.22509457755359394,1.0,0.3674729799279465
0.0007861782,0.2252365930599369,1.0,0.36766220391349125
0.0007865454,0.22537878787878787,1.0,0.3678516228748068
0.0007888178,0.2255211623499684,1.0,0.36804123711340203
0.0007906405,0.22566371681415928,1.0,0.3682310469314079
0.00079210504,0.22580645161290322,1.0,0.3684210526315789
0.00080444117,0.2259493670886076,1.0,0.36861125451729476
0.00080560026,0.22609246358454718,1.0,0.368801652892562
0.00080725324,0.2262357414448669,1.0,0.3689922480620155
0.00080842676,0.22637920101458464,1.0,0.36918304033092036
0.00081746926,0.2265228426395939,1.0,0.36937403000517327
0.00081879256,0.22666666666666666,1.0,0.3695652173913044
0.00082136045,0.22681067344345615,1.0,0.36975660279647854
0.00082139997,0.22695486331849968,1.0,0.3699481865284974
0.0008226387,0.22709923664122136,1.0,0.3701399688958009
0.0008234049,0.22724379376193507,1.0,0.37033195020746884
0.00082856056,0.22738853503184714,1.0,0.3705241307732226
0.00082887884,0.22753346080305928,1.0,0.37071651090342683
0.0008339285,0.22767857142857142,1.0,0.3709090909090909
0.0008339869,0.22782386726228462,1.0,0.37110187110187115
0.0008351647,0.22796934865900384,1.0,0.3712948517940718
0.00083696475,0.2281150159744409,1.0,0.3714880332986472
0.0008376369,0.22826086956521738,1.0,0.37168141592920356
0.0008376708,0.22840690978886757,1.0,0.37187500000000007
0.00083833636,0.22855313700384122,1.0,0.37206878582595104
0.00084569573,0.22869955156950672,1.0,0.3722627737226277
0.00084736786,0.22884615384615384,1.0,0.37245696400625977
0.0008576726,0.2289929441949968,1.0,0.37265135699373697
0.0008606509,0.22913992297817715,1.0,0.3728459530026109
0.00086272083,0.22928709055876687,1.0,0.3730407523510972
0.0008657553,0.2294344473007712,1.0,0.3732357553580763
0.00086640887,0.22958199356913184,1.0,0.3734309623430962
0.0008665435,0.22972972972972974,1.0,0.37362637362637363
0.0008688681,0.2298776561493883,1.0,0.37382198952879586
0.0008702115,0.23002577319587628,1.0,0.37401781037192244
0.00087118294,0.23017408123791103,1.0,0.37421383647798745
0.0008749081,0.23032258064516128,1.0,0.3744100681699004
0.0008785387,0.2304712717882505,1.0,0.3746065057712487
0.00087869813,0.23062015503875968,1.0,0.37480314960629924
0.0008803025,0.23076923076923078,1.0,0.375
0.0008812916,0.23091849935316947,1.0,0.37519705727798214
0.0008813991,0.23106796116504855,1.0,0.3753943217665615
0.00088476145,0.23121761658031087,1.0,0.37559179379274066
0.00088684703,0.23136746597537264,1.0,0.3757894736842105
0.00088774954,0.23151750972762647,1.0,0.37598736176935227
0.0008886081,0.23166774821544453,1.0,0.3761854583772392
0.00088974676,0.2318181818181818,1.0,0.37638376383763833
0.0008940153,0.23196881091617932,1.0,0.37658227848101267
0.00090045657,0.23211963589076723,1.0,0.37678100263852243
0.00090253615,0.23227065712426806,1.0,0.37697993664202745
0.0009026603,0.232421875,1.0,0.37717908082408874
0.00090304017,0.23257328990228013,1.0,0.3773784355179704
0.00091242074,0.23272490221642764,1.0,0.37757800105764144
0.00091645686,0.2328767123287671,1.0,0.37777777777777777
0.0009168294,0.23302872062663185,1.0,0.37797776601376387
0.0009204302,0.23318092749836708,1.0,0.3781779661016949
0.0009211409,0.23333333333333334,1.0,0.37837837837837834
0.0009249424,0.23348593852190974,1.0,0.3785790031813362
0.0009363421,0.23363874345549737,1.0,0.37877984084880634
0.0009373195,0.2337917485265226,1.0,0.3789808917197452
0.0009390904,0.23394495412844038,1.0,0.379182156133829
0.0009393601,0.2340983606557377,1.0,0.3793836344314559
0.00094028114,0.234251968503937,1.0,0.379585326953748
0.00094256934,0.23440577806959947,1.0,0.3797872340425532
0.0009435626,0.2345597897503285,1.0,0.3799893560404471
0.00094637077,0.23471400394477318,1.0,0.3801916932907348
0.0009486606,0.2348684210526316,1.0,0.38039424613745343
0.0009499024,0.2350230414746544,1.0,0.3805970149253732
0.0009562179,0.23517786561264822,1.0,0.3808
0.0009594671,0.23533289386947923,1.0,0.38100320170757734
0.0009607002,0.2354881266490765,1.0,0.38120662039508807
0.0009632027,0.23564356435643563,1.0,0.3814102564102564
0.0009654983,0.2357992073976222,1.0,0.38161411010154994
0.0009707559,0.23595505617977527,1.0,0.38181818181818183
0.00097101997,0.2361111111111111,1.0,0.38202247191011235
0.00097227196,0.23626737260092653,1.0,0.3822269807280514
0.00097527186,0.23642384105960265,1.0,0.3824317086234601
0.0009804803,0.23658051689860835,1.0,0.38263665594855306
0.0009859542,0.236737400530504,1.0,0.38284182305630027
0.0009875158,0.23689449236894491,1.0,0.3830472103004292
0.0009875764,0.23736702127659576,1.0,0.3836646963997851
0.0009883243,0.2375249500998004,1.0,0.38387096774193546
0.0009909596,0.23768308921438083,1.0,0.3840774610005379
0.0009949636,0.23784143904063956,1.0,0.3842841765339074
0.0009952172,0.238,1.0,0.38449111470113084
0.0010008042,0.23815877251501,1.0,0.38469827586206895
0.0010017162,0.2383177570093458,1.0,0.3849056603773585
0.0010026753,0.23847695390781562,1.0,0.38511326860841427
0.0010035923,0.23863636363636365,1.0,0.38532110091743116
0.0010072902,0.2389558232931727,1.0,0.3857374392220421
0.001008308,0.2391158740790355,1.0,0.38594594594594595
0.0010115519,0.23927613941018766,1.0,0.38615467820443483
0.001011913,0.23943661971830985,1.0,0.38636363636363635
0.001018416,0.2395973154362416,1.0,0.386572820790471
0.0010219978,0.2397582269979852,1.0,0.38678223185265437
0.0010240991,0.2399193548387097,1.0,0.38699186991869916
0.0010274808,0.24008069939475454,1.0,0.3872017353579176
0.0010280131,0.24024226110363392,1.0,0.3874118285404232
0.0010292934,0.2404040404040404,1.0,0.38762214983713356
0.0010306264,0.24056603773584906,1.0,0.3878326996197719
0.0010319325,0.24072825354012137,1.0,0.38804347826086955
0.0010341889,0.2408906882591093,1.0,0.38825448613376834
0.0010371498,0.24105334233625927,1.0,0.3884657236126224
0.001041498,0.24121621621621622,1.0,0.3886771910724007
0.001042682,0.24170616113744076,1.0,0.3893129770992367
0.0010450443,0.241869918699187,1.0,0.3895253682487725
0.0010456712,0.24203389830508473,1.0,0.38973799126637554
0.0010474983,0.24219810040705564,1.0,0.3899508465319497
0.0010476306,0.24236252545824846,1.0,0.3901639344262295
0.0010502517,0.2425271739130435,1.0,0.3903772553307819
0.0010642871,0.24269204622705642,1.0,0.3905908096280088
0.0010722379,0.24285714285714285,1.0,0.3908045977011494
0.0010765801,0.2430224642614023,1.0,0.3910186199342826
0.0010796902,0.24318801089918257,1.0,0.39123287671232876
0.0010819987,0.24335378323108384,1.0,0.3914473684210526
0.0010830252,0.24351978171896316,1.0,0.39166209544706526
0.0010832883,0.24368600682593858,1.0,0.3918770581778266
0.0011034013,0.24385245901639344,1.0,0.3920922570016474
0.001105188,0.24401913875598086,1.0,0.3923076923076923
0.0011110256,0.2441860465116279,1.0,0.3925233644859813
0.0011141374,0.24435318275154005,1.0,0.3927392739273928
0.0011188526,0.24452054794520547,1.0,0.3929554210236654
0.0011321467,0.2448559670781893,1.0,0.3933884297520661
0.0011328106,0.24502402196293754,1.0,0.3936052921719956
0.0011342808,0.24519230769230768,1.0,0.3938223938223938
0.0011365267,0.24536082474226803,1.0,0.3940397350993377
0.0011399292,0.24552957359009628,1.0,0.3942573163997791
0.0011423167,0.24569855471438404,1.0,0.394475138121547
0.0011455406,0.24586776859504134,1.0,0.3946932006633499
0.0011471463,0.24603721571330117,1.0,0.39491150442477874
0.0011543862,0.24620689655172415,1.0,0.39513004980630884
0.0011562725,0.2463768115942029,1.0,0.39534883720930236
0.0011638082,0.24654696132596685,1.0,0.3955678670360111
0.0011741214,0.24671734623358674,1.0,0.39578713968957874
0.0011799864,0.24688796680497926,1.0,0.3960066555740433
0.00118104,0.24705882352941178,1.0,0.39622641509433965
0.0011857564,0.24722991689750692,1.0,0.39644641865630204
0.0011873653,0.24740124740124741,1.0,0.39666666666666667
0.0011895082,0.24757281553398058,1.0,0.3968871595330739
0.0011906561,0.2477446217904233,1.0,0.3971078976640712
0.0011923318,0.24791666666666667,1.0,0.39732888146911516
0.0012119233,0.2480889506601807,1.0,0.39755011135857465
0.0012210656,0.2482614742698192,1.0,0.3977715877437326
0.0012233485,0.24843423799582465,1.0,0.3979933110367893
0.0012317853,0.24860724233983286,1.0,0.39821528165086445
0.001241804,0.24878048780487805,1.0,0.3984375
0.0012425428,0.2489539748953975,1.0,0.39865996649916247
0.0012462835,0.24912770411723656,1.0,0.3988826815642458
0.0012485244,0.24930167597765363,1.0,0.3991056456120738
0.0012485263,0.24947589098532494,1.0,0.39932885906040266
0.0012557249,0.24965034965034966,1.0,0.39955232232792387
0.001256171,0.2498250524842547,1.0,0.3997760358342665
0.0012567934,0.25,1.0,0.4
0.0012574245,0.2501751927119832,1.0,0.40022421524663676
0.0012576388,0.2503506311360449,1.0,0.4004486819966349
0.0012577561,0.2505263157894737,1.0,0.4006734006734007
0.0012601167,0.25070224719101125,1.0,0.40089837170129144
0.0012601364,0.25087842586085735,1.0,0.40112359550561794
0.0012713452,0.2510548523206751,1.0,0.40134907251264756
0.0012716571,0.2512315270935961,1.0,0.4015748031496063
0.001272259,0.25140845070422535,1.0,0.40180078784468204
0.0012725428,0.25158562367864695,1.0,0.4020270270270271
0.0012777561,0.25176304654442877,1.0,0.4022535211267606
0.0012798589,0.2519407198306281,1.0,0.4024802705749719
0.0012828215,0.2521186440677966,1.0,0.40270727580372245
0.0012844501,0.25229681978798585,1.0,0.40293453724604966
0.0012882658,0.2524752475247525,1.0,0.4031620553359684
0.0012938331,0.2526539278131635,1.0,0.4033898305084746
0.0012943317,0.2528328611898017,1.0,0.4036178631995478
0.0012993817,0.25301204819277107,1.0,0.4038461538461538
0.0013054762,0.2531914893617021,1.0,0.40407470288624786
0.0013073431,0.25337118523775726,1.0,0.4043035107587769
0.0013104454,0.25391180654338547,1.0,0.40499149177538285
0.0013105633,0.25409252669039145,1.0,0.4052213393870601
0.0013118039,0.25427350427350426,1.0,0.40545144804088584
0.001312082,0.25445473984319317,1.0,0.4056818181818182
0.0013147021,0.25463623395149787,1.0,0.40591245025582723
0.0013207381,0.25481798715203424,1.0,0.4061433447098976
0.0013246293,0.255,1.0,0.4063745019920319
0.0013365084,0.2551822730521801,1.0,0.4066059225512529
0.0013407941,0.2553648068669528,1.0,0.40683760683760684
0.001343886,0.25554760200429494,1.0,0.40706955530216654
0.0013446907,0.25573065902578795,1.0,0.40730176839703364
0.0013583855,0.25591397849462366,1.0,0.4075342465753425
0.0013647992,0.25609756097560976,1.0,0.4077669902912621
0.0013677562,0.2562814070351759,1.0,0.40800000000000003
0.0013690223,0.25646551724137934,1.0,0.40823327615780447
0.0013801943,0.2566498921639109,1.0,0.408466819221968
0.0013843483,0.2568345323741007,1.0,0.4087006296508299
0.0013853156,0.2570194384449244,1.0,0.40893470790378006
0.001395075,0.25720461095100866,1.0,0.4091690544412608
0.0014024957,0.25739005046863733,1.0,0.40940366972477066
0.0014035492,0.25757575757575757,1.0,0.40963855421686746
0.0014071446,0.25776173285198556,1.0,0.40987370838117104
0.0014100396,0.2579479768786127,1.0,0.41010913268236643
0.0014176104,0.25813449023861174,1.0,0.4103448275862069
0.0014242465,0.2583212735166425,1.0,0.41058079355951693
0.0014271879,0.25850832729905865,1.0,0.4108170310701956
0.0014281934,0.25869565217391305,1.0,0.4110535405872194
0.0014287696,0.25888324873096447,1.0,0.4112903225806452
0.0014296692,0.2590711175616836,1.0,0.41152737752161384
0.0014407899,0.25925925925925924,1.0,0.4117647058823529
0.0014515325,0.25944767441860467,1.0,0.41200230813618005
0.001477829,0.2596363636363636,1.0,0.41224018475750573
0.0014872064,0.259825327510917,1.0,0.4124783362218371
0.0014887616,0.2600145666423889,1.0,0.4127167630057803
0.0014904935,0.2602040816326531,1.0,0.4129554655870446
0.0014940738,0.2603938730853392,1.0,0.4131944444444444
0.0015054188,0.2605839416058394,1.0,0.41343370005790386
0.0015114235,0.26077428780131484,1.0,0.41367323290845887
0.001513473,0.26096491228070173,1.0,0.41391304347826086
0.001522507,0.26115581565471835,1.0,0.41415313225058
0.0015291527,0.2613469985358712,1.0,0.4143934997098085
0.0015321195,0.26153846153846155,1.0,0.41463414634146345
0.0015359056,0.26173020527859236,1.0,0.4148750726321906
0.001542905,0.2619222303741746,1.0,0.41511627906976745
0.0015460816,0.2621145374449339,1.0,0.41535776614310643
0.0015567006,0.2623071271124173,1.0,0.41559953434225844
0.0015569244,0.2625,1.0,0.4158415841584159
0.0015631032,0.26269315673289184,1.0,0.4160839160839161
0.0015638497,0.26288659793814434,1.0,0.41632653061224495
0.0015657562,0.2630803242446573,1.0,0.41656942823803966
0.0015676111,0.26327433628318586,1.0,0.41681260945709286
0.0015704468,0.26346863468634685,1.0,0.41705607476635514
0.0015766459,0.2636632200886263,1.0,0.4172998246639393
0.0015829313,0.2638580931263858,1.0,0.4175438596491228
0.0015879719,0.2640532544378698,1.0,0.41778818022235226
0.0015922459,0.26424870466321243,1.0,0.41803278688524587
0.0015929921,0.2644444444444444,1.0,0.4182776801405975
0.0015983363,0.26464047442550037,1.0,0.4185228604923798
0.0016075454,0.26483679525222553,1.0,0.41876832844574785
0.0016104922,0.2650334075723831,1.0,0.4190140845070423
0.0016118615,0.2652303120356612,1.0,0.41926012918379335
0.0016164468,0.2654275092936803,1.0,0.4195064629847238
0.0016206724,0.265625,1.0,0.41975308641975306
0.0016288256,0.26582278481012656,1.0,0.41999999999999993
0.0016292832,0.2660208643815201,1.0,0.42024720423778694
0.0016317819,0.2662192393736018,1.0,0.42049469964664316
0.0016394985,0.2664179104477612,1.0,0.42074248674130815
0.0016481753,0.2666168782673637,1.0,0.4209905660377358
0.0016567687,0.26681614349775784,1.0,0.4212389380530973
0.0016608916,0.2670157068062827,1.0,0.42148760330578516
0.0016684334,0.26721556886227543,1.0,0.4217365623154164
0.0016806488,0.26741573033707866,1.0,0.42198581560283693
0.0016896261,0.26761619190404795,1.0,0.4222353636901241
0.001693808,0.2678169542385596,1.0,0.4224852071005917
0.0017088627,0.268018018018018,1.0,0.4227353463587921
0.0017203646,0.2682193839218633,1.0,0.42298578199052134
0.0017222171,0.26842105263157895,1.0,0.42323651452282157
0.0017309898,0.2686230248306998,1.0,0.4234875444839858
0.0017322403,0.2688253012048193,1.0,0.4237388724035608
0.0017425092,0.2690278824415976,1.0,0.42399049881235157
0.0017517587,0.2692307692307692,1.0,0.42424242424242425
0.0017543205,0.26943396226415095,1.0,0.4244946492271106
0.0017612508,0.26963746223564955,1.0,0.4247471743010113
0.0017616919,0.2698412698412698,1.0,0.425
0.0017634479,0.2700453857791225,1.0,0.4252531268612269
0.0017720321,0.2702498107494323,1.0,0.4255065554231228
0.0017847634,0.27045454545454545,1.0,0.42576028622540246
0.0017899326,0.27065959059893857,1.0,0.4260143198090692
0.0018005909,0.2708649468892261,1.0,0.42626865671641784
0.0018182107,0.27107061503416857,1.0,0.4265232974910394
0.0018196321,0.2712765957446808,1.0,0.42677824267782427
0.0018214292,0.2714828897338403,1.0,0.42703349282296654
0.0018217753,0.271689497716895,1.0,0.42728904847396765
0.0018279612,0.2718964204112719,1.0,0.4275449101796407
0.0018353132,0.27210365853658536,1.0,0.4278010784901139
0.0018360469,0.2723112128146453,1.0,0.4280575539568346
0.0018463499,0.27251908396946567,1.0,0.42831433713257355
0.0018515836,0.2727272727272727,1.0,0.42857142857142855
0.0018659898,0.27293577981651373,1.0,0.4288288288288288
0.001866934,0.27314460596786533,1.0,0.4290865384615385
0.001871026,0.27335375191424194,1.0,0.4293445580276608
0.0018764792,0.2735632183908046,1.0,0.42960288808664265
0.0018822487,0.2737730061349693,1.0,0.4298615291992775
0.0018925554,0.27398311588641594,1.0,0.43012048192771085
0.0019001522,0.27419354838709675,1.0,0.430379746835443
0.0019034605,0.2744043043812452,1.0,0.4306393244873341
0.0019123199,0.2746153846153846,1.0,0.4308992154496077
0.0019134715,0.2748267898383372,1.0,0.4311594202898551
0.0019344278,0.27503852080123264,1.0,0.4314199395770392
0.0019419186,0.27525057825751736,1.0,0.4316807738814994
0.0019439418,0.27546296296296297,1.0,0.4319419237749546
0.0019549783,0.2756756756756757,1.0,0.4322033898305085
0.0019809166,0.2758887171561051,1.0,0.43246517262265294
0.0019848638,0.27610208816705334,1.0,0.43272727272727274
0.0020166824,0.27631578947368424,1.0,0.4329896907216495
0.0020206259,0.27652982184353214,1.0,0.433252427184466
0.002026523,0.27674418604651163,1.0,0.4335154826958106
0.0020281265,0.2769588828549263,1.0,0.43377885783718106
0.0020362798,0.27717391304347827,1.0,0.4340425531914894
0.0020431022,0.2773892773892774,1.0,0.43430656934306566
0.0020435299,0.2776049766718507,1.0,0.4345709068776628
0.0020546028,0.27782101167315176,1.0,0.43483556638246046
0.002067414,0.2780373831775701,1.0,0.4351005484460695
0.0020692872,0.2782540919719408,1.0,0.43536585365853664
0.0020862413,0.2784711388455538,1.0,0.4356314826113483
0.0020882564,0.2786885245901639,1.0,0.43589743589743585
0.0021001517,0.27890625,1.0,0.43616371411117905
0.0021061653,0.27912431587177483,1.0,0.43643031784841074
0.0021071124,0.2793427230046948,1.0,0.436697247706422
0.0021126212,0.27956147220046984,1.0,0.4369645042839657
0.0021130736,0.2797805642633229,1.0,0.43723208818126147
0.0021152433,0.28,1.0,0.43750000000000006
0.0021188003,0.2802197802197802,1.0,0.43776824034334766
0.0021265794,0.28043990573448546,1.0,0.4380368098159509
0.0021344563,0.2806603773584906,1.0,0.4383057090239411
0.002142927,0.2808811959087333,1.0,0.4385749385749386
0.0021431716,0.2811023622047244,1.0,0.4388444990780578
0.0021438021,0.28132387706855794,1.0,0.43911439114391143
0.002147035,0.28154574132492116,1.0,0.43938461538461543
0.0021535882,0.281767955801105,1.0,0.4396551724137931
0.002154689,0.28199052132701424,1.0,0.4399260628465805
0.002170936,0.28221343873517785,1.0,0.4401972872996301
0.0021722142,0.2824367088607595,1.0,0.4404688463911166
0.0021828369,0.2826603325415677,1.0,0.4407407407407407
0.0021830073,0.28288431061806657,1.0,0.4410129709697344
0.002188111,0.2831086439333862,1.0,0.4412855377008653
0.0022125598,0.2833333333333333,1.0,0.4415584415584416
0.0022186972,0.2835583796664019,1.0,0.44183168316831684
0.0022505813,0.28378378378378377,1.0,0.4421052631578947
0.0022518174,0.2840095465393795,1.0,0.44237918215613387
0.002258031,0.28423566878980894,1.0,0.44265344079355246
0.0022599956,0.2844621513944223,1.0,0.44292803970223327
0.002263539,0.284688995215311,1.0,0.4432029795158286
0.002264432,0.2849162011173184,1.0,0.4434782608695652
0.002280017,0.28514376996805113,1.0,0.4437538844002486
0.002296111,0.2853717026378897,1.0,0.44402985074626866
0.0022990205,0.2856,1.0,0.44430616054760425
0.0022997044,0.28582866293034426,1.0,0.4445828144458281
0.0023105799,0.2860576923076923,1.0,0.44485981308411215
0.002321438,0.2862870890136327,1.0,0.4451371571072319
0.0023260333,0.28651685393258425,1.0,0.44541484716157204
0.0023320476,0.28674698795180725,1.0,0.4456928838951311
0.002343449,0.2869774919614148,1.0,0.44597126795752656
0.002350259,0.28720836685438456,1.0,0.44625
0.0023558887,0.28743961352657005,1.0,0.4465290806754222
0.002364146,0.2876712328767123,1.0,0.44680851063829785
0.0023688765,0.2879032258064516,1.0,0.44708829054477145
0.0023706318,0.288135593220339,1.0,0.4473684210526315
0.002374843,0.28836833602584816,1.0,0.44764890282131664
0.002374965,0.28860145513338725,1.0,0.4479297365119197
0.002376831,0.28883495145631066,1.0,0.44821092278719393
0.0023821883,0.2890688259109312,1.0,0.44849246231155787
0.0023880873,0.2893030794165316,1.0,0.4487743557510999
0.0023937991,0.2895377128953771,1.0,0.44905660377358486
0.002399454,0.2897727272727273,1.0,0.4493392070484582
0.0024032714,0.29000812347684807,1.0,0.44962216624685136
0.0024189511,0.29024390243902437,1.0,0.44990548204158787
0.0024419902,0.290480065093572,1.0,0.4501891551071879
0.0024519302,0.2907166123778502,1.0,0.45047318611987386
0.002461756,0.29095354523227385,1.0,0.4507575757575758
0.0024842953,0.2911908646003263,1.0,0.4510423246999368
0.0024959822,0.2914285714285714,1.0,0.4513274336283186
0.0025107218,0.2916666666666667,1.0,0.45161290322580644
0.0025314267,0.2919051512673753,1.0,0.4518987341772152
0.0025324083,0.29214402618657936,1.0,0.45218492716909436
0.0025340035,0.29238329238329236,1.0,0.4524714828897338
0.0025462687,0.29262295081967216,1.0,0.4527584020291694
0.0025467977,0.29286300246103364,1.0,0.4530456852791878
0.0025742438,0.29310344827586204,1.0,0.4533333333333333
0.0025753912,0.2933442892358258,1.0,0.4536213468869123
0.002585413,0.2935855263157895,1.0,0.4539097266369994
0.002596186,0.2938271604938272,1.0,0.4541984732824428
0.0026032075,0.2940691927512356,1.0,0.4544875875238702
0.002607078,0.2943116240725474,1.0,0.4547770700636943
0.002609173,0.29455445544554454,1.0,0.4550669216061185
0.002610674,0.2947976878612717,1.0,0.4553571428571429
0.0026131622,0.2950413223140496,1.0,0.4556477345245693
0.0026317239,0.29528535980148884,1.0,0.4559386973180077
0.0026515257,0.2955298013245033,1.0,0.45623003194888173
0.0026712525,0.29577464788732394,1.0,0.45652173913043476
0.0026745242,0.2960199004975124,1.0,0.45681381957773515
0.0026785044,0.2962655601659751,1.0,0.45710627400768244
0.0027091752,0.29651162790697677,1.0,0.45739910313901344
0.0027300175,0.2967581047381546,1.0,0.4576923076923077
0.0027319333,0.29700499168053246,1.0,0.4579858883899936
0.0027353833,0.29725228975853457,1.0,0.45827984595635435
0.0027389133,0.2975,1.0,0.45857418111753373
0.0027423394,0.29774812343619683,1.0,0.45886889460154245
0.0027439804,0.29799666110183637,1.0,0.4591639871382637
0.0027555174,0.2982456140350877,1.0,0.45945945945945943
0.0027579817,0.298494983277592,1.0,0.4597553122987766
0.0027674104,0.298744769874477,1.0,0.4600515463917526
0.0027778258,0.2989949748743719,1.0,0.46034816247582205
0.0027880073,0.29924559932942163,1.0,0.46064516129032257
0.0027945386,0.29949664429530204,1.0,0.460942543576501
0.0027978492,0.29974811083123426,1.0,0.46124031007751937
0.0028153798,0.3,1.0,0.4615384615384615
0.002846187,0.3002523128679563,1.0,0.46183699870633893
0.0028588017,0.3005050505050505,1.0,0.46213592233009704
0.0028629492,0.3007582139848357,1.0,0.46243523316062174
0.0028732382,0.30101180438448566,1.0,0.46273493195074533
0.0028813921,0.3012658227848101,1.0,0.4630350194552529
0.0028831076,0.3015202702702703,1.0,0.4633354964308891
0.0028956737,0.30177514792899407,1.0,0.4636363636363636
0.0028981103,0.3020304568527919,1.0,0.4639376218323587
0.002908731,0.3022861981371719,1.0,0.46423927178153446
0.002925502,0.30254237288135594,1.0,0.4645413142485361
0.0029294759,0.30279898218829515,1.0,0.46484374999999994
0.0029304454,0.3030560271646859,1.0,0.46514657980456026
0.0029361981,0.3033135089209856,1.0,0.46544980443285533
0.0029456194,0.30357142857142855,1.0,0.4657534246575342
0.0029684177,0.3038297872340426,1.0,0.46605744125326376
0.0029762718,0.3040885860306644,1.0,0.4663618549967342
0.0029838004,0.30434782608695654,1.0,0.4666666666666667
0.0029897387,0.3046075085324232,1.0,0.4669718770438195
0.002992517,0.304867634500427,1.0,0.4672774869109947
0.0030391484,0.30512820512820515,1.0,0.4675834970530452
0.0031285433,0.30538922155688625,1.0,0.46788990825688076
0.0031301915,0.3056506849315068,1.0,0.4681967213114754
0.0031421655,0.3059125964010283,1.0,0.46850393700787407
0.003142615,0.30617495711835335,1.0,0.46881155613919895
0.0031440777,0.30643776824034336,1.0,0.469119579500657
0.0031500538,0.30670103092783507,1.0,0.46942800788954636
0.003151787,0.3069647463456578,1.0,0.4697368421052632
0.0031852408,0.3072289156626506,1.0,0.4700460829493087
0.003195565,0.30749354005167956,1.0,0.4703557312252964
0.0032001112,0.30775862068965515,1.0,0.4706657877389584
0.003202631,0.3080241587575496,1.0,0.47097625329815307
0.0032176632,0.3082901554404145,1.0,0.47128712871287126
0.0032324507,0.30855661192739847,1.0,0.47159841479524445
0.0032477106,0.3088235294117647,1.0,0.4719101123595506
0.0032554858,0.3090909090909091,1.0,0.4722222222222222
0.0032804622,0.3093587521663778,1.0,0.47253474520185307
0.0032826895,0.3096270598438855,1.0,0.4728476821192053
0.0033101076,0.3098958333333333,1.0,0.4731610337972167
0.0033261755,0.31016507384882713,1.0,0.47347480106100803
0.0033300251,0.31043478260869567,1.0,0.47378898473788983
0.00333284,0.31070496083550914,1.0,0.4741035856573705
0.0033344657,0.31097560975609756,1.0,0.47441860465116276
0.0033673998,0.3112467306015693,1.0,0.47473404255319146
0.003367875,0.31151832460732987,1.0,0.4750499001996008
0.0033729542,0.31179039301310046,1.0,0.47536617842876167
0.003376635,0.3120629370629371,1.0,0.4756828780812792
0.003429801,0.3123359580052493,1.0,0.476
0.0034524535,0.3126094570928196,1.0,0.47631754503002
0.0034789033,0.3128834355828221,1.0,0.47663551401869164
0.0035432812,0.3131578947368421,1.0,0.47695390781563124
0.003568313,0.31343283582089554,1.0,0.4772727272727273
0.0035787888,0.31370826010544817,1.0,0.47759197324414715
0.0035820007,0.31398416886543534,1.0,0.47791164658634533
0.0035878192,0.3142605633802817,1.0,0.47823174815807096
0.003593905,0.3145374449339207,1.0,0.4785522788203754
0.003616534,0.3148148148148148,1.0,0.4788732394366197
0.003626188,0.31509267431597526,1.0,0.4791946308724832
0.003639132,0.31537102473498235,1.0,0.4795164539959705
0.0036890253,0.3156498673740053,1.0,0.4798387096774193
0.0036913059,0.315929203539823,1.0,0.48016139878950914
0.0036939513,0.31620903454384414,1.0,0.48048452220726784
0.0037282633,0.31648936170212766,1.0,0.48080808080808085
0.00377283,0.3167701863354037,1.0,0.48113207547169806
0.0037873012,0.31705150976909413,1.0,0.4814565070802427
0.0038402558,0.31733333333333336,1.0,0.4817813765182186
0.0038438016,0.31761565836298933,1.0,0.48210668467251855
0.003870606,0.3178984861976848,1.0,0.48243243243243245
0.0038979594,0.3181818181818182,1.0,0.4827586206896552
0.0038987927,0.3184656556645852,1.0,0.483085250338295
0.0038989258,0.31875,1.0,0.48341232227488146
0.0039010732,0.3190348525469169,1.0,0.48373983739837395
0.0039387806,0.31932021466905186,1.0,0.48406779661016947
0.003970346,0.3196060877350045,1.0,0.4843962008141113
0.003977667,0.31989247311827956,1.0,0.484725050916497
0.0039785043,0.3201793721973094,1.0,0.485054347826087
0.00398906,0.32046678635547576,1.0,0.48538409245411285
0.0040021576,0.32075471698113206,1.0,0.4857142857142857
0.0040266505,0.3210431654676259,1.0,0.4860449285228047
0.0040278267,0.3213321332133213,1.0,0.48637602179836514
0.0040328936,0.3216216216216216,1.0,0.4867075664621677
0.0040578535,0.3219116321009919,1.0,0.48703956343792637
0.004071559,0.322202166064982,1.0,0.4873720136518771
0.0040826453,0.3224932249322493,1.0,0.4877049180327868
0.004082682,0.3227848101265823,1.0,0.4880382775119617
0.004117916,0.3230769230769231,1.0,0.48837209302325585
0.004148357,0.3233695652173913,1.0,0.48870636550308005
0.0041577676,0.3236627379873073,1.0,0.4890410958904109
0.0042709936,0.323956442831216,1.0,0.4893762851267992
0.0042977347,0.3242506811989101,1.0,0.4897119341563786
0.0043131458,0.3245454545454545,1.0,0.4900480439258751
0.0043234047,0.3248407643312102,1.0,0.49038461538461536
0.004325865,0.3251366120218579,1.0,0.490721649484536
0.004335053,0.325432999088423,1.0,0.49105914718019256
0.0043368684,0.32572992700729925,1.0,0.491397109428768
0.0043434915,0.32602739726027397,1.0,0.49173553719008267
0.0043601645,0.3263254113345521,1.0,0.49207443142660234
0.004379637,0.3266239707227813,1.0,0.49241379310344824
0.004386581,0.3269230769230769,1.0,0.4927536231884058
0.004411361,0.32722273143904673,1.0,0.4930939226519337
0.004421196,0.3275229357798165,1.0,0.4934346924671735
0.004430794,0.3278236914600551,1.0,0.49377593360995853
0.0044310256,0.328125,1.0,0.49411764705882355
0.0045274775,0.32842686292548295,1.0,0.49445983379501385
0.004527733,0.32903225806451614,1.0,0.49514563106796117
0.004582774,0.32933579335793356,1.0,0.4954892435808466
0.0046183034,0.3296398891966759,1.0,0.49583333333333335
0.0046445457,0.3299445471349353,1.0,0.4961779013203614
0.004652444,0.33024976873265494,1.0,0.4965229485396384
0.004675279,0.33055555555555555,1.0,0.4968684759916493
0.0046941377,0.33086190917516217,1.0,0.4972144846796657
0.0047484776,0.33116883116883117,1.0,0.4975609756097561
0.004751455,0.33147632311977715,1.0,0.497907949790795
0.004753808,0.33178438661710036,1.0,0.4982554082344731
0.0047677457,0.33209302325581397,1.0,0.4986033519553073
0.0048126155,0.3324022346368715,1.0,0.4989517819706499
0.004837897,0.33271202236719477,1.0,0.4993006993006993
0.0048499117,0.33302238805970147,1.0,0.4996501049685094
0.004853775,0.3333333333333333,1.0,0.5
0.004859096,0.3336448598130841,1.0,0.5003503854239664
0.004861605,0.33395696913002804,1.0,0.5007012622720898
0.0048661865,0.3342696629213483,1.0,0.5010526315789473
0.004927266,0.3345829428303655,1.0,0.5014044943820225
0.0049380674,0.3348968105065666,1.0,0.5017568517217147
0.0049899747,0.3352112676056338,1.0,0.5021097046413502
0.005001259,0.3355263157894737,1.0,0.5024630541871921
0.0050054872,0.33584195672624645,1.0,0.5028169014084507
0.0050828094,0.3361581920903955,1.0,0.5031712473572939
0.0050867223,0.3364750235626767,1.0,0.5035260930888575
0.005090244,0.33679245283018866,1.0,0.5038814396612562
0.005124108,0.3371104815864023,1.0,0.5042372881355932
0.005124828,0.33742911153119093,1.0,0.5045936395759717
0.0051301233,0.33774834437086093,1.0,0.504950495049505
0.005296478,0.3380681818181818,1.0,0.505307855626327
0.005323328,0.33838862559241706,1.0,0.5056657223796034
0.0053383037,0.3387096774193548,1.0,0.5060240963855421
0.00535951,0.33903133903133903,1.0,0.5063829787234042
0.0053630797,0.33935361216730037,1.0,0.5067423704755145
0.005366866,0.3396764985727878,1.0,0.5071022727272727
0.005372074,0.34,1.0,0.5074626865671642
0.0053791897,0.340324118207817,1.0,0.507823613086771
0.005390989,0.34064885496183206,1.0,0.5081850533807829
0.005412154,0.34097421203438394,1.0,0.5085470085470085
0.0054389834,0.34130019120458893,1.0,0.5089094796863863
0.0054843724,0.3416267942583732,1.0,0.5092724679029957
0.0054918104,0.34195402298850575,1.0,0.5096359743040686
0.005493183,0.3422818791946309,1.0,0.51
0.005508989,0.34261036468330136,1.0,0.5103645461043602
0.005581299,0.34293948126801155,1.0,0.5107296137339056
0.005591728,0.34326923076923077,1.0,0.5110952040085899
0.0056053195,0.343599615014437,1.0,0.511461318051576
0.0056067705,0.3439306358381503,1.0,0.5118279569892473
0.0056323586,0.3442622950819672,1.0,0.5121951219512195
0.005668158,0.34459459459459457,1.0,0.5125628140703518
0.005686538,0.34492753623188405,1.0,0.5129310344827587
0.0056941165,0.3452611218568665,1.0,0.5132997843278216
0.005723041,0.345595353339787,1.0,0.5136690647482014
0.0057283016,0.34593023255813954,1.0,0.5140388768898488
0.005746916,0.34626576139670223,1.0,0.5144092219020173
0.0057989433,0.3466019417475728,1.0,0.5147801009372747
0.005843464,0.3469387755102041,1.0,0.5151515151515151
0.005847324,0.3472762645914397,1.0,0.5155234657039711
0.0058569224,0.3476144109055501,1.0,0.5158959537572254
0.0058589997,0.347953216374269,1.0,0.5162689804772234
0.0058715255,0.34829268292682924,1.0,0.5166425470332852
0.005877493,0.3486328125,1.0,0.5170166545981173
0.0058858404,0.3489736070381232,1.0,0.5173913043478261
0.0058969525,0.3493150684931507,1.0,0.5177664974619289
0.0060136174,0.34965719882468166,1.0,0.5181422351233671
0.0060235416,0.35,1.0,0.5185185185185185
0.0060374816,0.35034347399411186,1.0,0.5188953488372093
0.0060477545,0.3506876227897839,1.0,0.5192727272727272
0.0060736984,0.35103244837758113,1.0,0.519650655021834
0.00608164,0.3513779527559055,1.0,0.5200291332847778
0.006090729,0.35172413793103446,1.0,0.520408163265306
0.0061092046,0.3520710059171598,1.0,0.5207877461706784
0.0061461376,0.35241855873642647,1.0,0.5211678832116788
0.0061646583,0.35276679841897235,1.0,0.5215485756026297
0.006166239,0.35311572700296734,1.0,0.5219298245614035
0.006195773,0.35346534653465345,1.0,0.5223116313094367
0.006198718,0.3538156590683845,1.0,0.5226939970717422
0.006263658,0.3541666666666667,1.0,0.5230769230769231
0.0062881946,0.3545183714001986,1.0,0.5234604105571847
0.006297778,0.3548707753479125,1.0,0.5238444607483492
0.006353954,0.35522388059701493,1.0,0.5242290748898678
0.0063602733,0.3555776892430279,1.0,0.5246142542248348
0.006373054,0.3559322033898305,1.0,0.525
0.006417322,0.3562874251497006,1.0,0.5253863134657837
0.0065107625,0.35664335664335667,1.0,0.5257731958762887
0.006528472,0.357,1.0,0.5261606484893147
0.0065410556,0.35735735735735735,1.0,0.5265486725663716
0.006579544,0.35771543086172347,1.0,0.5269372693726938
0.006608806,0.35807422266800404,1.0,0.5273264401772526
0.006618461,0.35843373493975905,1.0,0.5277161862527716
0.0066250255,0.3587939698492462,1.0,0.5281065088757396
0.006626184,0.3591549295774648,1.0,0.5284974093264249
0.0066320873,0.3595166163141994,1.0,0.5288888888888889
0.0066657607,0.3598790322580645,1.0,0.5292809488510007
0.006727812,0.3602421796165489,1.0,0.5296735905044511
0.00675753,0.3606060606060606,1.0,0.5300668151447662
0.006764021,0.3609706774519717,1.0,0.5304606240713224
0.0067649884,0.36133603238866396,1.0,0.5308550185873606
0.00677419,0.3617021276595745,1.0,0.53125
0.0067852736,0.3620689655172414,1.0,0.5316455696202532
0.006797976,0.36243654822335025,1.0,0.5320417287630402
0.006805578,0.3628048780487805,1.0,0.5324384787472035
0.0068444293,0.3631739572736521,1.0,0.5328358208955224
0.0069148936,0.3635437881873727,1.0,0.5332337565347274
0.0069271186,0.363914373088685,1.0,0.5336322869955157
0.0069602416,0.36428571428571427,1.0,0.5340314136125655
0.007001468,0.36465781409601633,1.0,0.5344311377245509
0.007004256,0.36503067484662577,1.0,0.5348314606741573
0.007021048,0.3654042988741044,1.0,0.535232383808096
0.0070332857,0.36577868852459017,1.0,0.5356339084771193
0.007056394,0.36615384615384616,1.0,0.536036036036036
0.0071369414,0.3665297741273101,1.0,0.5364387678437266
0.007243142,0.3669064748201439,1.0,0.5368421052631579
0.0072499756,0.36728395061728397,1.0,0.5372460496613995
0.007252921,0.36766220391349125,1.0,0.5376506024096386
0.0073159807,0.3680412371134021,1.0,0.5380557648831952
0.0073602563,0.3684210526315789,1.0,0.5384615384615384
0.0073622875,0.368801652892562,1.0,0.5388679245283019
0.0073661148,0.36918304033092036,1.0,0.5392749244712991
0.007382908,0.3695652173913043,1.0,0.5396825396825397
0.0073869624,0.3699481865284974,1.0,0.540090771558245
0.0073879166,0.3703319502074689,1.0,0.5404996214988645
0.007387945,0.3707165109034268,1.0,0.5409090909090909
0.0074140495,0.3711018711018711,1.0,0.5413191811978773
0.007417113,0.37148803329864727,1.0,0.5417298937784523
0.0074475934,0.371875,1.0,0.5421412300683371
0.0074594077,0.3722627737226277,1.0,0.5425531914893617
0.0075526293,0.37265135699373697,1.0,0.5429657794676805
0.007579314,0.3730407523510972,1.0,0.54337899543379
0.0076592467,0.37343096234309625,1.0,0.5437928408225439
0.007664315,0.3738219895287958,1.0,0.5442073170731707
0.007672879,0.3742138364779874,1.0,0.5446224256292905
0.0076923454,0.3746065057712487,1.0,0.5450381679389313
0.0077860416,0.375,1.0,0.5454545454545454
0.0078119515,0.3753943217665615,1.0,0.5458715596330276
0.007834985,0.3757894736842105,1.0,0.5462892119357307
0.007847168,0.3761854583772392,1.0,0.5467075038284839
0.007885864,0.37658227848101267,1.0,0.5471264367816092
0.007939898,0.37697993664202745,1.0,0.5475460122699386
0.007943347,0.3773784355179704,1.0,0.547966231772832
0.007949707,0.37777777777777777,1.0,0.5483870967741935
0.007953661,0.3781779661016949,1.0,0.5488086087624904
0.007986982,0.37857900318133614,1.0,0.5492307692307692
0.008067087,0.37898089171974525,1.0,0.5496535796766744
0.008091476,0.3793836344314559,1.0,0.5500770416024654
0.008126642,0.3797872340425532,1.0,0.5505011565150347
0.008173479,0.3801916932907348,1.0,0.5509259259259259
0.008222278,0.3805970149253731,1.0,0.5513513513513513
0.008262243,0.3810032017075774,1.0,0.5517774343122102
0.008314803,0.3814102564102564,1.0,0.5522041763341067
0.008339851,0.38181818181818183,1.0,0.5526315789473685
0.008346396,0.3822269807280514,1.0,0.5530596436870643
0.008355095,0.38263665594855306,1.0,0.5534883720930233
0.00837808,0.3830472103004292,1.0,0.5539177657098526
0.008413471,0.38345864661654133,1.0,0.5543478260869565
0.0084555475,0.38387096774193546,1.0,0.5547785547785548
0.008496584,0.38428417653390745,1.0,0.5552099533437014
0.008581347,0.38469827586206895,1.0,0.5556420233463035
0.008591226,0.3851132686084142,1.0,0.5560747663551402
0.008605864,0.3855291576673866,1.0,0.5565081839438815
0.008648682,0.38594594594594595,1.0,0.5569422776911076
0.008690771,0.38636363636363635,1.0,0.5573770491803279
0.00877246,0.38678223185265437,1.0,0.5578124999999999
0.008879992,0.3872017353579176,1.0,0.5582486317435497
0.008880734,0.38762214983713356,1.0,0.5586854460093897
0.008913852,0.38804347826086955,1.0,0.5591229444009397
0.00893749,0.38846572361262244,1.0,0.5595611285266459
0.00897281,0.3888888888888889,1.0,0.56
0.0089740055,0.3893129770992366,1.0,0.5604395604395604
0.008999418,0.38973799126637554,1.0,0.5608798114689709
0.008999426,0.3901639344262295,1.0,0.5613207547169811
0.009047651,0.39059080962800874,1.0,0.5617623918174666
0.00908093,0.3910186199342826,1.0,0.5622047244094488
0.009189312,0.39144736842105265,1.0,0.5626477541371159
0.009190532,0.3918770581778266,1.0,0.5630914826498423
0.009237965,0.3923076923076923,1.0,0.56353591160221
0.009244785,0.3927392739273927,1.0,0.5639810426540284
0.009278291,0.3931718061674009,1.0,0.5644268774703557
0.009322929,0.3936052921719956,1.0,0.564873417721519
0.009349356,0.39403973509933776,1.0,0.5653206650831355
0.009352042,0.39447513812154694,1.0,0.565768621236133
0.009391977,0.39491150442477874,1.0,0.5662172878667723
0.009399936,0.3953488372093023,1.0,0.5666666666666667
0.009410353,0.39578713968957874,1.0,0.5671167593328038
0.009495758,0.39622641509433965,1.0,0.5675675675675675
0.009500496,0.39666666666666667,1.0,0.568019093078759
0.0095076505,0.3971078976640712,1.0,0.5684713375796178
0.009571239,0.3975501113585746,1.0,0.5689243027888445
0.009590909,0.3979933110367893,1.0,0.5693779904306221
0.009591022,0.3984375,1.0,0.5698324022346368
0.009620709,0.39888268156424583,1.0,0.5702875399361023
0.009667536,0.39932885906040266,1.0,0.5707434052757794
0.009726019,0.3997760358342665,1.0,0.5711999999999999
0.0098326225,0.40022421524663676,1.0,0.5716573258606886
0.009851047,0.4006734006734007,1.0,0.5721153846153846
0.009989345,0.401123595505618,1.0,0.5725741780272654
0.009992727,0.4015748031496063,1.0,0.5730337078651686
0.010020139,0.40202702702702703,1.0,0.5734939759036145
0.010051396,0.4024802705749718,1.0,0.5739549839228295
0.010091602,0.40293453724604966,1.0,0.5744167337087691
0.010094789,0.4033898305084746,1.0,0.5748792270531401
0.010105434,0.40384615384615385,1.0,0.5753424657534247
0.010120308,0.4043035107587769,1.0,0.5758064516129032
0.010129657,0.40476190476190477,1.0,0.576271186440678
0.010191242,0.4052213393870602,1.0,0.5767366720516962
0.010206481,0.4056818181818182,1.0,0.5772029102667744
0.01021089,0.4061433447098976,1.0,0.5776699029126213
0.010254974,0.40660592255125283,1.0,0.5781376518218623
0.010271825,0.4070695553021665,1.0,0.5786061588330632
0.010437652,0.4075342465753425,1.0,0.5790754257907543
0.010476587,0.408,1.0,0.5795454545454546
0.010477551,0.408466819221968,1.0,0.5800162469536961
0.010499758,0.40893470790378006,1.0,0.5804878048780489
0.010528455,0.40940366972477066,1.0,0.580960130187144
0.010535159,0.40987370838117104,1.0,0.5814332247557004
0.010541831,0.4103448275862069,1.0,0.5819070904645477
0.0105787,0.4108170310701956,1.0,0.5823817292006526
0.010777951,0.4112903225806452,1.0,0.5828571428571429
0.010807208,0.4117647058823529,1.0,0.5833333333333334
0.010880352,0.4122401847575058,1.0,0.5838103025347506
0.011099595,0.41271676300578036,1.0,0.5842880523731587
0.011151326,0.4131944444444444,1.0,0.5847665847665847
0.011211533,0.41367323290845887,1.0,0.5852459016393442
0.011223745,0.41415313225058004,1.0,0.5857260049220673
0.011230457,0.4146341463414634,1.0,0.5862068965517241
0.011230827,0.41511627906976745,1.0,0.5866885784716516
0.011284179,0.41559953434225844,1.0,0.5871710526315789
0.011340823,0.4160839160839161,1.0,0.5876543209876544
0.011358827,0.41656942823803966,1.0,0.5881383855024711
0.011364163,0.41705607476635514,1.0,0.5886232481450948
0.011409171,0.41754385964912283,1.0,0.5891089108910892
0.011409832,0.4180327868852459,1.0,0.5895953757225433
0.011443556,0.41852286049237986,1.0,0.5900826446280992
0.011454464,0.41901408450704225,1.0,0.5905707196029777
0.011484528,0.4195064629847238,1.0,0.5910596026490066
0.011520854,0.42,1.0,0.5915492957746479
0.0115293395,0.4204946996466431,1.0,0.592039800995025
0.011535183,0.4209905660377358,1.0,0.5925311203319502
0.011548419,0.4214876033057851,1.0,0.5930232558139535
0.011638352,0.4219858156028369,1.0,0.5935162094763092
0.011757979,0.42248520710059173,1.0,0.5940099833610649
0.011778081,0.42298578199052134,1.0,0.5945045795170691
0.011783688,0.4234875444839858,1.0,0.595
0.011845628,0.42399049881235157,1.0,0.5954962468723937
0.011895788,0.4244946492271106,1.0,0.5959933222036727
0.011991788,0.425,1.0,0.5964912280701754
0.012012545,0.42550655542312277,1.0,0.596989966555184
0.012037743,0.42601431980906923,1.0,0.5974895397489539
0.012066114,0.4265232974910394,1.0,0.5979899497487438
0.0121316165,0.4270334928229665,1.0,0.5984911986588433
0.012253372,0.4275449101796407,1.0,0.598993288590604
0.01226745,0.42805755395683454,1.0,0.5994962216624685
0.012351076,0.42857142857142855,1.0,0.6
0.012384112,0.42908653846153844,1.0,0.6005046257359126
0.012459354,0.4296028880866426,1.0,0.6010101010101011
0.012474589,0.43012048192771085,1.0,0.6015164279696714
0.012593365,0.43063932448733416,1.0,0.6020236087689714
0.012702294,0.4311594202898551,1.0,0.6025316455696204
0.012746965,0.4316807738814994,1.0,0.6030405405405406
0.0127526065,0.4322033898305085,1.0,0.6035502958579883
0.012770484,0.43272727272727274,1.0,0.6040609137055838
0.012879542,0.433252427184466,1.0,0.6045723962743438
0.012881555,0.43377885783718106,1.0,0.6050847457627119
0.012917998,0.4343065693430657,1.0,0.6055979643765904
0.012935387,0.4348355663824604,1.0,0.6061120543293719
0.013040476,0.4353658536585366,1.0,0.6066270178419712
0.0131507935,0.4358974358974359,1.0,0.6071428571428571
0.013188037,0.43643031784841074,1.0,0.607659574468085
0.013208029,0.4369645042839657,1.0,0.6081771720613287
0.013302202,0.4375,1.0,0.6086956521739131
0.013311074,0.43803680981595094,1.0,0.6092150170648464
0.013333884,0.43857493857493857,1.0,0.609735269000854
0.013394008,0.43911439114391143,1.0,0.6102564102564102
0.013463227,0.4396551724137931,1.0,0.6107784431137724
0.013492219,0.4401972872996301,1.0,0.6113013698630138
0.013567221,0.44074074074074077,1.0,0.6118251928020566
0.013591269,0.44128553770086526,1.0,0.6123499142367067
0.01359375,0.44183168316831684,1.0,0.6128755364806867
0.013610134,0.4423791821561338,1.0,0.61340206185567
0.0137483645,0.44292803970223327,1.0,0.6139294926913156
0.013787867,0.4434782608695652,1.0,0.6144578313253012
0.013997438,0.44402985074626866,1.0,0.6149870801033592
0.014148223,0.44458281444582815,1.0,0.6155172413793103
0.014294881,0.4451371571072319,1.0,0.6160483175150991
0.014504315,0.44569288389513106,1.0,0.616580310880829
0.014605235,0.44625,1.0,0.6171132238547968
0.014625638,0.44680851063829785,1.0,0.6176470588235294
0.014699158,0.4473684210526316,1.0,0.6181818181818182
0.01484974,0.4479297365119197,1.0,0.6187175043327556
0.014866309,0.4484924623115578,1.0,0.6192541196877711
0.014894165,0.4490566037735849,1.0,0.6197916666666666
0.01489951,0.44962216624685136,1.0,0.6203301476976542
0.014913669,0.4501891551071879,1.0,0.6208695652173912
0.014962231,0.45075757575757575,1.0,0.6214099216710183
0.015074114,0.45132743362831856,1.0,0.6219512195121951
0.015122807,0.4518987341772152,1.0,0.6224934612031386
0.0151274465,0.4524714828897338,1.0,0.6230366492146596
0.015165357,0.4530456852791878,1.0,0.6235807860262009
0.015184905,0.4536213468869123,1.0,0.6241258741258741
0.015218243,0.4541984732824427,1.0,0.6246719160104987
0.015288872,0.4547770700636943,1.0,0.6252189141856392
0.015319312,0.45535714285714285,1.0,0.6257668711656442
0.015358973,0.4559386973180077,1.0,0.6263157894736842
0.015439809,0.45652173913043476,1.0,0.626865671641791
0.015543597,0.45710627400768244,1.0,0.6274165202108963
0.015558963,0.4576923076923077,1.0,0.6279683377308707
0.015603602,0.4582798459563543,1.0,0.6285211267605634
0.015626954,0.4588688946015424,1.0,0.6290748898678413
0.015704004,0.4594594594594595,1.0,0.6296296296296297
0.01573087,0.46005154639175255,1.0,0.6301853486319505
0.015813507,0.46064516129032257,1.0,0.6307420494699646
0.015875744,0.46124031007751937,1.0,0.6312997347480106
0.01589755,0.46183699870633893,1.0,0.631858407079646
0.016021328,0.46243523316062174,1.0,0.6324180690876883
0.016045755,0.46303501945525294,1.0,0.6329787234042553
0.016156275,0.4636363636363636,1.0,0.6335403726708074
0.016277988,0.46423927178153446,1.0,0.6341030195381883
0.016435707,0.46484375,1.0,0.6346666666666667
0.016504562,0.4654498044328553,1.0,0.6352313167259787
0.016523356,0.4660574412532637,1.0,0.6357969723953696
0.016564677,0.4666666666666667,1.0,0.6363636363636364
0.01678342,0.46727748691099474,1.0,0.6369313113291704
0.01683908,0.46788990825688076,1.0,0.6375
0.01684546,0.468503937007874,1.0,0.6380697050938338
0.016882276,0.469119579500657,1.0,0.6386404293381037
0.016949782,0.4697368421052632,1.0,0.639212175470009
0.016963445,0.47035573122529645,1.0,0.6397849462365591
0.017066246,0.470976253298153,1.0,0.6403587443946188
0.017097848,0.4715984147952444,1.0,0.6409335727109515
0.017319001,0.4722222222222222,1.0,0.6415094339622641
0.017511511,0.4728476821192053,1.0,0.6420863309352518
0.017526807,0.473474801061008,1.0,0.6426642664266428
0.017573845,0.47410358565737054,1.0,0.6432432432432432
0.017726092,0.4747340425531915,1.0,0.6438232642019839
0.017770192,0.47536617842876167,1.0,0.6444043321299638
0.017824564,0.476,1.0,0.6449864498644986
0.018112844,0.4766355140186916,1.0,0.6455696202531646
0.018173141,0.4772727272727273,1.0,0.6461538461538462
0.018310789,0.4779116465863454,1.0,0.6467391304347826
0.018358296,0.4785522788203753,1.0,0.6473254759746147
0.018446144,0.4791946308724832,1.0,0.6479128856624319
0.018535715,0.4798387096774194,1.0,0.6485013623978201
0.018606467,0.48048452220726784,1.0,0.6490909090909092
0.018639652,0.4811320754716981,1.0,0.6496815286624203
0.018652169,0.4817813765182186,1.0,0.6502732240437158
0.018690152,0.48243243243243245,1.0,0.650865998176846
0.018744284,0.48308525033829497,1.0,0.6514598540145985
0.0187465,0.483739837398374,1.0,0.6520547945205479
0.01876039,0.4843962008141113,1.0,0.6526508226691041
0.018795762,0.485054347826087,1.0,0.6532479414455628
0.018979093,0.4857142857142857,1.0,0.6538461538461539
0.019013602,0.48637602179836514,1.0,0.6544454628780935
0.019036202,0.4870395634379263,1.0,0.655045871559633
0.01922482,0.48770491803278687,1.0,0.6556473829201102
0.019293753,0.4883720930232558,1.0,0.65625
0.019318292,0.48904109589041095,1.0,0.6568537258509659
0.01943047,0.4897119341563786,1.0,0.6574585635359116
0.019470047,0.49038461538461536,1.0,0.6580645161290322
0.019647384,0.49105914718019256,1.0,0.6586715867158671
0.019717501,0.49173553719008267,1.0,0.6592797783933518
0.019730294,0.4924137931034483,1.0,0.6598890942698706
0.019741863,0.4930939226519337,1.0,0.6604995374653099
0.019880198,0.49377593360995853,1.0,0.6611111111111111
0.01991252,0.49445983379501385,1.0,0.6617238183503243
0.019930683,0.49514563106796117,1.0,0.6623376623376623
0.020048214,0.49583333333333335,1.0,0.6629526462395543
0.020103011,0.4965229485396384,1.0,0.6635687732342007
0.020160003,0.4972144846796657,1.0,0.6641860465116278
0.02020905,0.497907949790795,1.0,0.664804469273743
0.02033506,0.49860335195530725,1.0,0.6654240447343895
0.02041403,0.4993006993006993,1.0,0.6660447761194029
0.02053801,0.5,1.0,0.6666666666666666
0.020559868,0.5007012622720898,1.0,0.6672897196261682
0.020669054,0.5014044943820225,1.0,0.6679139382600562
0.020693507,0.5021097046413502,1.0,0.6685393258426967
0.020803062,0.5028169014084507,1.0,0.669165885660731
0.020928847,0.5035260930888575,1.0,0.6697936210131332
0.020948686,0.5042372881355932,1.0,0.6704225352112676
0.021268092,0.504950495049505,1.0,0.6710526315789473
0.021358177,0.5056657223796034,1.0,0.671683913452493
0.021416204,0.5063829787234042,1.0,0.6723163841807909
0.021541322,0.5071022727272727,1.0,0.6729500471253534
0.022006392,0.5078236130867709,1.0,0.6735849056603773
0.022106918,0.5085470085470085,1.0,0.6742209631728046
0.022114584,0.5092724679029957,1.0,0.674858223062382
0.022341413,0.51,1.0,0.6754966887417219
0.022352409,0.5107296137339056,1.0,0.6761363636363636
0.022464408,0.5114613180515759,1.0,0.6767772511848341
0.02267302,0.5121951219512195,1.0,0.6774193548387097
0.023158053,0.5129310344827587,1.0,0.6780626780626781
0.023209233,0.5136690647482014,1.0,0.6787072243346007
0.023253333,0.5144092219020173,1.0,0.6793529971455756
0.023298856,0.5151515151515151,1.0,0.6799999999999999
0.02339463,0.5158959537572254,1.0,0.6806482364156339
0.02339988,0.516642547033285,1.0,0.6812977099236641
0.023451723,0.5173913043478261,1.0,0.681948424068768
0.02390306,0.5181422351233672,1.0,0.6826003824091779
0.023972213,0.5188953488372093,1.0,0.6832535885167463
0.024059962,0.519650655021834,1.0,0.6839080459770115
0.024409398,0.5204081632653061,1.0,0.6845637583892618
0.024552237,0.5211678832116788,1.0,0.6852207293666027
0.024667718,0.5219298245614035,1.0,0.685878962536023
0.024721976,0.5226939970717424,1.0,0.6865384615384615
0.024752956,0.5234604105571847,1.0,0.687199230028874
0.024850681,0.5242290748898678,1.0,0.6878612716763006
0.024995953,0.525,1.0,0.6885245901639345
0.024998289,0.5257731958762887,1.0,0.6891891891891893
0.025116127,0.5265486725663717,1.0,0.6898550724637682
0.025172995,0.5273264401772526,1.0,0.690522243713733
0.025330948,0.5281065088757396,1.0,0.691190706679574
0.025346816,0.5288888888888889,1.0,0.691860465116279
0.025562268,0.5296735905044511,1.0,0.6925315227934046
0.02560389,0.5304606240713224,1.0,0.6932038834951457
0.025699386,0.53125,1.0,0.6938775510204082
0.026065823,0.5320417287630402,1.0,0.6945525291828795
0.026078241,0.5328358208955224,1.0,0.6952288218111004
0.02611556,0.5336322869955157,1.0,0.695906432748538
0.026172854,0.5344311377245509,1.0,0.6965853658536585
0.026182687,0.5352323838080959,1.0,0.697265625
0.02618547,0.536036036036036,1.0,0.6979472140762463
0.026746247,0.5368421052631579,1.0,0.6986301369863014
0.026755571,0.5376506024096386,1.0,0.6993143976493634
0.02675639,0.5384615384615384,1.0,0.7000000000000001
0.026832113,0.5392749244712991,1.0,0.7006869479882237
0.0268561,0.540090771558245,1.0,0.7013752455795678
0.02698047,0.5409090909090909,1.0,0.7020648967551621
0.026992908,0.5417298937784522,1.0,0.7027559055118109
0.027138893,0.5425531914893617,1.0,0.7034482758620689
0.027238838,0.5442073170731707,1.0,0.7048371174728529
0.027466876,0.5450381679389313,1.0,0.7055335968379447
0.02752479,0.5458715596330275,1.0,0.7062314540059347
0.02759216,0.5467075038284839,1.0,0.7069306930693069
0.02763949,0.5475460122699386,1.0,0.707631318136769
0.027720211,0.5483870967741935,1.0,0.7083333333333333
0.027800493,0.5492307692307692,1.0,0.7090367428003972
0.027846625,0.5500770416024653,1.0,0.709741550695825
0.027899602,0.5509259259259259,1.0,0.7104477611940299
0.02820798,0.5517774343122102,1.0,0.7111553784860557
0.028396485,0.5526315789473685,1.0,0.711864406779661
0.028417366,0.5534883720930233,1.0,0.7125748502994012
0.02866301,0.5543478260869565,1.0,0.7132867132867133
0.028672948,0.5552099533437014,1.0,0.714
0.028683888,0.5560747663551402,1.0,0.7147147147147147
0.028862998,0.5569422776911076,1.0,0.7154308617234468
0.028965417,0.5578125,1.0,0.7161484453360081
0.029001765,0.5586854460093896,1.0,0.7168674698795181
0.029272253,0.5595611285266457,1.0,0.7175879396984924
0.029318264,0.5604395604395604,1.0,0.7183098591549296
0.029465605,0.5613207547169812,1.0,0.7190332326283988
0.029568577,0.5622047244094488,1.0,0.719758064516129
0.029680924,0.5630914826498423,1.0,0.720484359233098
0.029710237,0.5639810426540285,1.0,0.7212121212121213
0.029736312,0.564873417721519,1.0,0.7219413549039433
0.029802868,0.5657686212361331,1.0,0.722672064777328
0.029852772,0.5666666666666667,1.0,0.7234042553191489
0.029944308,0.5675675675675675,1.0,0.7241379310344828
0.030078815,0.5684713375796179,1.0,0.7248730964467006
0.030251704,0.569377990430622,1.0,0.725609756097561
0.030295607,0.5702875399361023,1.0,0.7263479145473042
0.030416913,0.5712,1.0,0.7270875763747454
0.030482613,0.5721153846153846,1.0,0.72782874617737
0.030493023,0.5730337078651685,1.0,0.7285714285714285
0.030537874,0.5739549839228296,1.0,0.7293156281920328
0.030609006,0.5748792270531401,1.0,0.7300613496932515
0.030714504,0.5758064516129032,1.0,0.7308085977482088
0.031093381,0.5767366720516963,1.0,0.7315573770491803
0.031569354,0.5776699029126213,1.0,0.7323076923076923
0.031663906,0.5786061588330632,1.0,0.73305954825462
0.031815358,0.5795454545454546,1.0,0.7338129496402878
0.032053817,0.5804878048780487,1.0,0.7345679012345678
0.032066427,0.5814332247557004,1.0,0.7353244078269825
0.032327406,0.5823817292006526,1.0,0.7360824742268042
0.032377332,0.5833333333333334,1.0,0.7368421052631579
0.032556057,0.5842880523731587,1.0,0.737603305785124
0.03299111,0.5852459016393443,1.0,0.7383660806618407
0.033144064,0.5862068965517241,1.0,0.7391304347826086
0.0332368,0.587171052631579,1.0,0.7398963730569948
0.034122467,0.5881383855024712,1.0,0.7406639004149379
0.03444972,0.5891089108910891,1.0,0.7414330218068536
0.03502165,0.5900826446280992,1.0,0.7422037422037423
0.03505165,0.5910596026490066,1.0,0.7429760665972944
0.035571363,0.5920398009950248,1.0,0.74375
0.035749014,0.5930232558139535,1.0,0.7445255474452555
0.035821654,0.5940099833610649,1.0,0.7453027139874739
0.036446583,0.595,1.0,0.7460815047021944
0.036694698,0.5959933222036727,1.0,0.7468619246861925
0.036724087,0.596989966555184,1.0,0.7476439790575916
0.03696847,0.5979899497487438,1.0,0.7484276729559749
0.03697584,0.5989932885906041,1.0,0.7492130115424974
0.037040927,0.6,1.0,0.7499999999999999
0.037330855,0.601010101010101,1.0,0.750788643533123
0.037368786,0.6020236087689713,1.0,0.7515789473684211
0.03738916,0.6030405405405406,1.0,0.7523709167544784
0.037675526,0.6040609137055838,1.0,0.7531645569620254
0.037705414,0.6050847457627119,1.0,0.753959873284055
0.037790906,0.6061120543293718,1.0,0.7547568710359408
0.037860386,0.6071428571428571,1.0,0.7555555555555554
0.03823778,0.6081771720613288,1.0,0.7563559322033899
0.03842298,0.6092150170648464,1.0,0.7571580063626724
0.03876027,0.6102564102564103,1.0,0.7579617834394905
0.038821843,0.6113013698630136,1.0,0.7587672688629118
0.03896334,0.6123499142367067,1.0,0.7595744680851063
0.03931573,0.6134020618556701,1.0,0.7603833865814696
0.039463058,0.6144578313253012,1.0,0.7611940298507462
0.03948599,0.6155172413793103,1.0,0.7620064034151547
0.039561465,0.616580310880829,1.0,0.7628205128205128
0.039833877,0.6176470588235294,1.0,0.7636363636363637
0.039989498,0.6187175043327556,1.0,0.7644539614561028
0.040463224,0.6197916666666666,1.0,0.7652733118971061
0.040591016,0.6208695652173913,1.0,0.7660944206008583
0.04122586,0.6219512195121951,1.0,0.7669172932330827
0.041548718,0.6230366492146597,1.0,0.767741935483871
0.042261355,0.6241258741258742,1.0,0.7685683530678149
0.04227544,0.6252189141856392,1.0,0.7693965517241379
0.04273115,0.6263157894736842,1.0,0.7702265372168284
0.04277296,0.6274165202108963,1.0,0.7710583153347732
0.043263957,0.6285211267605634,1.0,0.7718918918918919
0.043404013,0.6296296296296297,1.0,0.7727272727272727
0.043522313,0.6307420494699647,1.0,0.7735644637053088
0.043990947,0.631858407079646,1.0,0.7744034707158352
0.044490423,0.6329787234042553,1.0,0.7752442996742671
0.044721797,0.6341030195381883,1.0,0.7760869565217391
0.04506104,0.6352313167259787,1.0,0.7769314472252449
0.04539429,0.6363636363636364,1.0,0.7777777777777778
0.045966983,0.6375,1.0,0.7786259541984732
0.046668336,0.6386404293381037,1.0,0.779475982532751
0.046930645,0.6397849462365591,1.0,0.7803278688524591
0.04739678,0.6409335727109515,1.0,0.7811816192560175
0.047720082,0.6420863309352518,1.0,0.7820372398685652
0.04828973,0.6432432432432432,1.0,0.7828947368421052
0.0484137,0.644404332129964,1.0,0.7837541163556532
0.04890103,0.6455696202531646,1.0,0.7846153846153847
0.048982974,0.6467391304347826,1.0,0.7854785478547854
0.049665116,0.647912885662432,1.0,0.7863436123348018
0.050252322,0.649090909090909,1.0,0.7872105843439912
0.050384287,0.6502732240437158,1.0,0.7880794701986754
0.05192401,0.6514598540145985,1.0,0.7889502762430939
0.05265959,0.6526508226691042,1.0,0.7898230088495575
0.052688617,0.6538461538461539,1.0,0.7906976744186047
0.05333223,0.655045871559633,1.0,0.7915742793791574
0.053477705,0.65625,1.0,0.7924528301886793
0.053734533,0.6574585635359116,1.0,0.7933333333333333
0.05474812,0.6586715867158671,1.0,0.7942157953281425
0.055200104,0.6598890942698706,1.0,0.7951002227171492
0.055959504,0.6611111111111111,1.0,0.7959866220735786
0.05623641,0.6623376623376623,1.0,0.796875
0.056436125,0.6635687732342007,1.0,0.7977653631284916
0.05689402,0.664804469273743,1.0,0.7986577181208053
0.05767487,0.6660447761194029,1.0,0.799552071668533
0.057685357,0.6672897196261682,1.0,0.8004484304932735
0.05810001,0.6685393258426966,1.0,0.8013468013468014
0.05830323,0.6697936210131332,1.0,0.802247191011236
0.058474634,0.6710526315789473,1.0,0.8031496062992126
0.058801144,0.672316384180791,1.0,0.8040540540540541
0.05881957,0.6735849056603773,1.0,0.8049605411499436
0.059311904,0.6748582230623819,1.0,0.8058690744920993
0.059365977,0.6761363636363636,1.0,0.8067796610169491
0.05971272,0.6774193548387096,1.0,0.8076923076923077
0.059796397,0.6787072243346007,1.0,0.8086070215175537
0.061053425,0.68,1.0,0.8095238095238095
0.062150367,0.6812977099236641,1.0,0.8104426787741204
0.06271692,0.6826003824091779,1.0,0.8113636363636363
0.06300098,0.6839080459770115,1.0,0.8122866894197952
0.06322336,0.6852207293666027,1.0,0.8132118451025057
0.0656067,0.6865384615384615,1.0,0.814139110604333
0.065645464,0.6878612716763006,1.0,0.815068493150685
0.06578662,0.6891891891891891,1.0,0.8160000000000001
0.06594159,0.690522243713733,1.0,0.816933638443936
0.06604337,0.6918604651162791,1.0,0.8178694158075602
0.06616366,0.6932038834951456,1.0,0.8188073394495413
0.066885516,0.6945525291828794,1.0,0.8197474167623421
0.06800839,0.695906432748538,1.0,0.8206896551724138
0.06831822,0.697265625,1.0,0.8216340621403913
0.06951051,0.6986301369863014,1.0,0.8225806451612903
0.069844075,0.7,1.0,0.8235294117647058
0.069874145,0.7013752455795678,1.0,0.8244803695150115
0.0717157,0.702755905511811,1.0,0.8254335260115606
0.07298082,0.7041420118343196,1.0,0.826388888888889
0.07333581,0.7055335968379447,1.0,0.8273464658169177
0.07449658,0.7069306930693069,1.0,0.8283062645011601
0.07454454,0.7083333333333334,1.0,0.8292682926829268
0.075857714,0.709741550695825,1.0,0.8302325581395348
0.07612173,0.7111553784860558,1.0,0.8311990686845169
0.07631646,0.7125748502994012,1.0,0.8321678321678322
0.076880775,0.714,1.0,0.8331388564760793
0.07703204,0.7154308617234469,1.0,0.8341121495327104
0.07741333,0.7168674698795181,1.0,0.8350877192982457
0.077441685,0.7183098591549296,1.0,0.8360655737704918
0.077571735,0.719758064516129,1.0,0.8370457209847596
0.07790336,0.7212121212121212,1.0,0.8380281690140845
0.07792272,0.7226720647773279,1.0,0.8390129259694477
0.07809883,0.7241379310344828,1.0,0.8400000000000001
0.07854205,0.725609756097561,1.0,0.8409893992932862
0.07900923,0.7270875763747454,1.0,0.8419811320754718
0.07909647,0.7285714285714285,1.0,0.8429752066115702
0.07998034,0.7300613496932515,1.0,0.8439716312056738
0.08146965,0.7315573770491803,1.0,0.8449704142011835
0.08167008,0.7330595482546202,1.0,0.8459715639810427
0.08239027,0.7345679012345679,1.0,0.8469750889679715
0.08239233,0.7360824742268042,1.0,0.8479809976247031
0.083147116,0.737603305785124,1.0,0.8489892984542212
0.083316505,0.7391304347826086,1.0,0.85
0.08363535,0.7406639004149378,1.0,0.8510131108462455
0.084032975,0.7422037422037422,1.0,0.8520286396181385
0.084996946,0.74375,1.0,0.8530465949820789
0.08513831,0.7453027139874739,1.0,0.8540669856459331
0.086077325,0.7468619246861925,1.0,0.8550898203592815
0.08637008,0.75,1.0,0.8571428571428571
0.09019558,0.751578947368421,1.0,0.858173076923077
0.0909067,0.7531645569620253,1.0,0.8592057761732852
0.09298422,0.7547568710359408,1.0,0.8602409638554217
0.093973815,0.7563559322033898,1.0,0.8612786489746683
0.094789505,0.7579617834394905,1.0,0.8623188405797102
0.095384456,0.7595744680851064,1.0,0.8633615477629988
0.0960554,0.7611940298507462,1.0,0.864406779661017
0.09803439,0.7628205128205128,1.0,0.8654545454545455
0.10213105,0.7644539614561028,1.0,0.866504854368932
0.1027273,0.7660944206008584,1.0,0.8675577156743621
0.10314549,0.7677419354838709,1.0,0.8686131386861314
0.1033899,0.7693965517241379,1.0,0.8696711327649208
0.103680395,0.7710583153347732,1.0,0.8707317073170732
0.10371323,0.7727272727272727,1.0,0.8717948717948718
0.10473303,0.7744034707158352,1.0,0.8728606356968215
0.10537193,0.7760869565217391,1.0,0.8739290085679314
0.1073512,0.7777777777777778,1.0,0.8750000000000001
0.10815073,0.7794759825327511,1.0,0.8760736196319018
0.11036411,0.7811816192560175,1.0,0.8771498771498771
0.113101795,0.7828947368421053,1.0,0.8782287822878229
0.11374537,0.7846153846153846,1.0,0.8793103448275863
0.11447335,0.7863436123348018,1.0,0.8803945745992602
0.11605106,0.7880794701986755,1.0,0.8814814814814815
0.11702468,0.7898230088495575,1.0,0.8825710754017305
0.11733992,0.7915742793791575,1.0,0.8836633663366338
0.11766232,0.7933333333333333,1.0,0.8847583643122676
0.117727,0.7951002227171492,1.0,0.8858560794044664
0.1180127,0.796875,1.0,0.8869565217391304
0.11932627,0.7986577181208053,1.0,0.8880597014925372
0.11949075,0.8004484304932735,1.0,0.8891656288916563
0.121427216,0.802247191011236,1.0,0.8902743142144638
0.12374152,0.8040540540540541,1.0,0.8913857677902622
0.124063835,0.8058690744920993,1.0,0.8925
0.12529524,0.8076923076923077,1.0,0.8936170212765957
0.12622316,0.8113636363636364,1.0,0.8958594730238394
0.12625726,0.8132118451025057,1.0,0.8969849246231155
0.12640212,0.815068493150685,1.0,0.8981132075471698
0.1288187,0.816933638443936,1.0,0.8992443324937027
0.13042417,0.8188073394495413,1.0,0.9003783102143758
0.13047831,0.8206896551724138,1.0,0.9015151515151515
0.13266581,0.8225806451612904,1.0,0.9026548672566371
0.133158,0.8244803695150116,1.0,0.9037974683544304
0.13424906,0.8263888888888888,1.0,0.9049429657794676
0.13443686,0.8283062645011601,1.0,0.9060913705583756
0.13577284,0.8302325581395349,1.0,0.9072426937738246
0.13601273,0.8321678321678322,1.0,0.9083969465648856
0.13751084,0.8341121495327103,1.0,0.9095541401273884
0.13876739,0.8360655737704918,1.0,0.9107142857142857
0.14644137,0.8380281690140845,1.0,0.9118773946360154
0.14889711,0.84,1.0,0.9130434782608696
0.15242538,0.8419811320754716,1.0,0.9142125480153649
0.1558117,0.8439716312056738,1.0,0.9153846153846154
0.15615746,0.8459715639810427,1.0,0.9165596919127086
0.15632087,0.8479809976247031,1.0,0.9177377892030849
0.15814643,0.85,1.0,0.9189189189189189
0.15975046,0.8520286396181385,1.0,0.9201030927835052
0.16147856,0.854066985645933,1.0,0.9212903225806451
0.16639265,0.8561151079136691,1.0,0.9224806201550387
0.17251694,0.8581730769230769,1.0,0.9236739974126779
0.17688814,0.8602409638554217,1.0,0.9248704663212435
0.1771269,0.8623188405797102,1.0,0.9260700389105059
0.18430147,0.864406779661017,1.0,0.9272727272727274
0.18917063,0.866504854368932,1.0,0.9284785435630689
0.19453168,0.8686131386861314,1.0,0.9296875000000001
0.19750723,0.8707317073170732,1.0,0.9308996088657107
0.1975231,0.8728606356968215,1.0,0.9321148825065273
0.20069474,0.875,1.0,0.9333333333333333
0.20284219,0.8771498771498771,1.0,0.9345549738219895
0.21047734,0.8793103448275862,1.0,0.9357798165137614
0.21128717,0.8814814814814815,1.0,0.937007874015748
0.21669132,0.8836633663366337,1.0,0.938239159001314
0.22056045,0.8858560794044665,1.0,0.9394736842105263
0.22076936,0.8880597014925373,1.0,0.9407114624505929
0.22566697,0.8902743142144638,1.0,0.941952506596306
0.23469192,0.8925,1.0,0.9431968295904887
0.24902868,0.8947368421052632,1.0,0.9444444444444444
0.2532153,0.8969849246231156,1.0,0.9456953642384106
0.26172578,0.8992443324937027,1.0,0.9469496021220158
0.26381063,0.9015151515151515,1.0,0.9482071713147411
0.2809867,0.9037974683544304,1.0,0.949468085106383
0.2819206,0.9060913705583756,1.0,0.9507323568575233
0.287387,0.9083969465648855,1.0,0.9520000000000001
0.28926647,0.9107142857142857,1.0,0.9532710280373832
0.29206616,0.9130434782608695,1.0,0.9545454545454545
0.2963627,0.9153846153846154,1.0,0.9558232931726908
0.3095996,0.9177377892030848,1.0,0.9571045576407506
0.3205734,0.9201030927835051,1.0,0.9583892617449665
0.3549562,0.9224806201550387,1.0,0.9596774193548387
0.36617866,0.9248704663212435,1.0,0.9609690444145357
0.38519752,0.9272727272727272,1.0,0.9622641509433962
0.41742244,0.9296875,1.0,0.9635627530364372
0.43096253,0.9321148825065274,1.0,0.9648648648648649
0.44146642,0.9345549738219895,1.0,0.9661705006765899
0.44171432,0.937007874015748,1.0,0.9674796747967479
0.44726303,0.9394736842105263,1.0,0.9687924016282224
0.47984308,0.941952506596306,1.0,0.970108695652174
0.48534018,0.9444444444444444,1.0,0.9714285714285714
0.49882054,0.946949602122016,1.0,0.9727520435967303
0.50768214,0.949468085106383,1.0,0.9740791268758527
0.5344895,0.952,1.0,0.9754098360655737
0.5395429,0.9545454545454546,1.0,0.9767441860465117
0.54438525,0.9571045576407506,1.0,0.9780821917808219
0.58741754,0.9596774193548387,1.0,0.9794238683127572
0.6301664,0.9622641509433962,1.0,0.9807692307692307
0.6401955,0.9648648648648649,1.0,0.9821182943603851
0.6534743,0.967391304347826,0.9971988795518207,0.9820689655172413
0.7042819,0.9700272479564033,0.9971988795518207,0.9834254143646408
0.717918,0.9726027397260274,0.9943977591036415,0.9833795013850416
0.75311756,0.9752747252747253,0.9943977591036415,0.9847434119278778
0.7948501,0.9752066115702479,0.9915966386554622,0.9833333333333334
0.84463507,0.9751381215469613,0.988795518207283,0.9819193324061197
0.8497494,0.9750692520775623,0.9859943977591037,0.9805013927576602
0.85110074,0.975,0.9831932773109243,0.9790794979079498
0.8546301,0.9749303621169917,0.9803921568627451,0.9776536312849162
0.86112416,0.9775910364145658,0.9775910364145658,0.9775910364145658
0.8658382,0.9775280898876404,0.9747899159663865,0.976157082748948
0.8742924,0.980225988700565,0.9719887955182073,0.9760900140646976
0.8813806,0.9830028328611898,0.9719887955182073,0.9774647887323944
0.89678353,0.9829545454545454,0.969187675070028,0.9760225669957686
0.900585,0.9829059829059829,0.9663865546218487,0.9745762711864406
0.90132874,0.9828571428571429,0.9635854341736695,0.9731258840169732
0.90226775,0.9828080229226361,0.9607843137254902,0.9716713881019831
0.9102122,0.9827586206896551,0.957983193277311,0.9702127659574468
0.91038364,0.9855491329479769,0.9551820728291317,0.9701280227596016
0.9153781,0.9855072463768116,0.9523809523809523,0.9686609686609686
0.91612536,0.9854651162790697,0.9495798319327731,0.9671897289586304
0.9175112,0.9854227405247813,0.9467787114845938,0.9657142857142856
0.917741,0.9853801169590644,0.9439775910364145,0.9642346208869813
0.9179552,0.9882352941176471,0.9411764705882353,0.9641319942611191
0.9183751,0.9882005899705014,0.938375350140056,0.9626436781609194
0.9197332,0.9881656804733728,0.9355742296918768,0.9611510791366905
0.9197599,0.9910714285714286,0.9327731092436975,0.961038961038961
0.9199917,0.991044776119403,0.9299719887955182,0.9595375722543353
0.9211816,0.9910179640718563,0.927170868347339,0.9580318379160638
0.9231419,0.9939759036144579,0.9243697478991597,0.9579100145137881
0.925676,0.9939577039274925,0.9215686274509803,0.9563953488372092
0.9293034,0.9939393939393939,0.9187675070028011,0.9548762736535662
0.92950565,0.993920972644377,0.9159663865546218,0.9533527696793003
0.9298322,0.9969418960244648,0.9131652661064426,0.9532163742690059
0.9302438,0.9969325153374233,0.9103641456582633,0.9516837481698389
0.9304073,0.9969230769230769,0.907563025210084,0.9501466275659823
0.9307073,0.9969135802469136,0.9047619047619048,0.948604992657856
0.9307545,0.9969040247678018,0.9019607843137255,0.9470588235294118
0.93083805,0.9968944099378882,0.8991596638655462,0.9455081001472755
0.9342482,0.9968847352024922,0.896358543417367,0.9439528023598821
0.9346148,0.996875,0.8935574229691877,0.9423929098966026
0.936064,0.9968652037617555,0.8907563025210085,0.9408284023668639
0.9364254,0.9968553459119497,0.8879551820728291,0.9392592592592592
0.9365479,0.9968454258675079,0.8851540616246498,0.9376854599406528
0.9367392,0.9968354430379747,0.8823529411764706,0.9361069836552749
0.9368567,0.9968253968253968,0.8795518207282913,0.9345238095238095
0.93789333,0.9968152866242038,0.876750700280112,0.932935916542474
0.9382122,0.9968051118210862,0.8739495798319328,0.9313432835820895
0.9383344,0.9967948717948718,0.8711484593837535,0.929745889387145
0.9395216,0.9967845659163987,0.8683473389355743,0.9281437125748504
0.9397912,0.9967741935483871,0.865546218487395,0.9265367316341829
0.94017994,0.9967637540453075,0.8627450980392157,0.924924924924925
0.941535,0.9967532467532467,0.8599439775910365,0.9233082706766917
0.9422292,0.996742671009772,0.8571428571428571,0.9216867469879517
0.94497967,0.9967320261437909,0.8543417366946778,0.9200603318250377
0.9452825,0.9967213114754099,0.8515406162464986,0.9184290030211479
0.9455746,1.0,0.8487394957983193,0.9181818181818181
0.94580686,1.0,0.84593837535014,0.9165402124430956
0.9467949,1.0,0.8431372549019608,0.9148936170212766
0.94803864,1.0,0.8403361344537815,0.91324200913242
0.9483695,1.0,0.8375350140056023,0.9115853658536585
0.94921964,1.0,0.834733893557423,0.9099236641221373
0.9504141,1.0,0.8319327731092437,0.908256880733945
0.9511967,1.0,0.8291316526610645,0.9065849923430321
0.9516264,1.0,0.8263305322128851,0.9049079754601227
0.95233387,1.0,0.8235294117647058,0.9032258064516129
0.9523784,1.0,0.8207282913165266,0.9015384615384615
0.95404035,1.0,0.8179271708683473,0.8998459167950693
0.95444614,1.0,0.8151260504201681,0.8981481481481481
0.9547132,1.0,0.8123249299719888,0.8964451313755796
0.95523924,1.0,0.8095238095238095,0.8947368421052632
0.95652735,1.0,0.8067226890756303,0.8930232558139535
0.9569225,1.0,0.803921568627451,0.891304347826087
0.9576002,1.0,0.8011204481792717,0.8895800933125972
0.95783424,1.0,0.7983193277310925,0.8878504672897196
0.96015334,1.0,0.7955182072829131,0.8861154446177847
0.9607458,1.0,0.7927170868347339,0.884375
0.9607653,1.0,0.7899159663865546,0.8826291079812207
0.96106005,1.0,0.7871148459383753,0.8808777429467085
0.96107054,1.0,0.7843137254901961,0.8791208791208792
0.96131605,1.0,0.7815126050420168,0.8773584905660378
0.96175015,1.0,0.7787114845938375,0.8755905511811024
0.9623444,1.0,0.7759103641456583,0.8738170347003156
0.9625158,1.0,0.773109243697479,0.8720379146919433
0.9628867,1.0,0.7703081232492998,0.8702531645569621
0.96359634,1.0,0.7675070028011205,0.8684627575277338
0.96386915,1.0,0.7619047619047619,0.8648648648648648
0.9642651,1.0,0.7591036414565826,0.8630573248407644
0.9645676,1.0,0.7563025210084033,0.8612440191387559
0.96617913,1.0,0.7535014005602241,0.8594249201277955
0.9663155,1.0,0.7507002801120448,0.8576
0.9668724,1.0,0.7478991596638656,0.8557692307692307
0.96687895,1.0,0.7450980392156863,0.8539325842696629
0.9671289,1.0,0.742296918767507,0.8520900321543409
0.9673139,1.0,0.7394957983193278,0.8502415458937198
0.9673492,1.0,0.7366946778711485,0.8483870967741935
0.96746373,1.0,0.7338935574229691,0.8465266558966074
0.9678019,1.0,0.7310924369747899,0.8446601941747572
0.96803755,1.0,0.7282913165266106,0.8427876823338735
0.9684018,1.0,0.7254901960784313,0.8409090909090908
0.96854603,1.0,0.7226890756302521,0.8390243902439024
0.96878093,1.0,0.7198879551820728,0.8371335504885993
0.9694826,1.0,0.7170868347338936,0.8352365415986949
0.96957606,1.0,0.7142857142857143,0.8333333333333333
0.96986055,1.0,0.711484593837535,0.8314238952536824
0.97041917,1.0,0.7086834733893558,0.8295081967213115
0.9705664,1.0,0.7030812324929971,0.825657894736842
0.97077686,1.0,0.7002801120448179,0.8237232289950577
0.9709909,1.0,0.6974789915966386,0.8217821782178217
0.9717273,1.0,0.6946778711484594,0.8198347107438017
0.9723379,1.0,0.6918767507002801,0.8178807947019867
0.97242,1.0,0.6890756302521008,0.8159203980099502
0.97275376,1.0,0.6862745098039216,0.813953488372093
0.97352433,1.0,0.6834733893557423,0.8119800332778703
0.9739595,1.0,0.680672268907563,0.81
0.9739734,1.0,0.6778711484593838,0.8080133555926544
0.97471786,1.0,0.6750700280112045,0.8060200668896321
0.9747331,1.0,0.6722689075630253,0.8040201005025126
0.9748414,1.0,0.6694677871148459,0.802013422818792
0.97505707,1.0,0.6666666666666666,0.8
0.97554636,1.0,0.6638655462184874,0.797979797979798
0.97571146,1.0,0.6610644257703081,0.7959527824620574
0.9761814,1.0,0.6582633053221288,0.793918918918919
0.97622573,1.0,0.6554621848739496,0.7918781725888325
0.97625864,1.0,0.6526610644257703,0.7898305084745764
0.97628945,1.0,0.6498599439775911,0.7877758913412565
0.9763549,1.0,0.6470588235294118,0.7857142857142858
0.9767025,1.0,0.6442577030812325,0.7836456558773425
0.97763354,1.0,0.6414565826330533,0.7815699658703072
0.9787567,1.0,0.6386554621848739,0.7794871794871795
0.9787971,1.0,0.6358543417366946,0.7773972602739726
0.9788109,1.0,0.6330532212885154,0.7753001715265866
0.97899663,1.0,0.6302521008403361,0.7731958762886598
0.9792255,1.0,0.6274509803921569,0.7710843373493976
0.9794008,1.0,0.6246498599439776,0.7689655172413793
0.9795217,1.0,0.6218487394957983,0.766839378238342
0.9800305,1.0,0.6190476190476191,0.7647058823529412
0.9801707,1.0,0.6162464985994398,0.7625649913344887
0.9806323,1.0,0.6134453781512605,0.7604166666666667
0.98080814,1.0,0.6106442577030813,0.7582608695652174
0.98091173,1.0,0.6078431372549019,0.7560975609756097
0.9810879,1.0,0.6050420168067226,0.7539267015706805
0.9813556,1.0,0.6022408963585434,0.7517482517482517
0.98153275,1.0,0.5994397759103641,0.7495621716287215
0.9816629,1.0,0.5966386554621849,0.7473684210526316
0.9817167,1.0,0.5938375350140056,0.7451669595782073
0.9820562,1.0,0.5910364145658263,0.7429577464788732
0.98235357,1.0,0.5882352941176471,0.7407407407407407
0.98242295,1.0,0.5854341736694678,0.7385159010600706
0.98287416,1.0,0.5826330532212886,0.736283185840708
0.9828935,1.0,0.5798319327731093,0.7340425531914894
0.98290265,1.0,0.5770308123249299,0.7317939609236234
0.9829285,1.0,0.5742296918767507,0.7295373665480427
0.98322785,1.0,0.5714285714285714,0.7272727272727273
0.9837621,1.0,0.5686274509803921,0.725
0.98403037,1.0,0.5658263305322129,0.7227191413237924
0.9840492,1.0,0.5630252100840336,0.7204301075268817
0.9841701,1.0,0.5602240896358543,0.718132854578097
0.98424625,1.0,0.5574229691876751,0.7158273381294964
0.98426557,1.0,0.5546218487394958,0.7135135135135136
0.98429424,1.0,0.5518207282913166,0.7111913357400722
0.9847837,1.0,0.5490196078431373,0.7088607594936709
0.98493016,1.0,0.5462184873949579,0.7065217391304348
0.98510695,1.0,0.5434173669467787,0.7041742286751361
0.9856447,1.0,0.5406162464985994,0.7018181818181818
0.98565197,1.0,0.5378151260504201,0.6994535519125683
0.985899,1.0,0.5350140056022409,0.697080291970803
0.98643744,1.0,0.5322128851540616,0.6946983546617916
0.9867617,1.0,0.5294117647058824,0.6923076923076924
0.98817956,1.0,0.5266106442577031,0.689908256880734
0.9883491,1.0,0.5238095238095238,0.6875000000000001
0.9883713,1.0,0.5210084033613446,0.6850828729281768
0.98845834,1.0,0.5182072829131653,0.6826568265682658
0.98861223,1.0,0.5154061624649859,0.6802218114602587
0.98902565,1.0,0.5126050420168067,0.6777777777777777
0.9893037,1.0,0.5098039215686274,0.6753246753246753
0.9893092,1.0,0.5070028011204482,0.6728624535315985
0.9894134,1.0,0.5042016806722689,0.6703910614525139
0.989488,1.0,0.5014005602240896,0.667910447761194
0.98956305,1.0,0.49859943977591037,0.6654205607476635
0.98961186,1.0,0.4957983193277311,0.6629213483146068
0.98962724,1.0,0.49299719887955185,0.6604127579737336
0.9898225,1.0,0.49019607843137253,0.6578947368421052
0.98987526,1.0,0.48739495798319327,0.655367231638418
0.99029106,1.0,0.484593837535014,0.6528301886792452
0.9904018,1.0,0.48179271708683474,0.6502835538752363
0.9904428,1.0,0.4789915966386555,0.6477272727272727
0.9905848,1.0,0.47619047619047616,0.6451612903225806
0.99059606,1.0,0.4733893557422969,0.6425855513307984
0.9907403,1.0,0.47058823529411764,0.6399999999999999
0.9911562,1.0,0.4677871148459384,0.6374045801526718
0.99137574,1.0,0.4649859943977591,0.6347992351816443
0.9915524,1.0,0.46218487394957986,0.632183908045977
0.99180096,1.0,0.45938375350140054,0.6295585412667947
0.9919143,1.0,0.4565826330532213,0.6269230769230769
0.99191487,1.0,0.453781512605042,0.6242774566473989
0.9919342,1.0,0.45098039215686275,0.6216216216216216
0.9919423,1.0,0.4481792717086835,0.6189555125725339
0.9919425,1.0,0.44537815126050423,0.616279069767442
0.9922691,1.0,0.4425770308123249,0.6135922330097087
0.9922916,1.0,0.43977591036414565,0.6108949416342412
0.99239784,1.0,0.4369747899159664,0.6081871345029239
0.9925459,1.0,0.4341736694677871,0.60546875
0.9927148,1.0,0.43137254901960786,0.6027397260273972
0.9927528,1.0,0.42857142857142855,0.6
0.9930106,1.0,0.4257703081232493,0.5972495088408644
0.99332315,1.0,0.42296918767507,0.5944881889763779
0.9933361,1.0,0.42016806722689076,0.591715976331361
0.99387795,1.0,0.4173669467787115,0.5889328063241107
0.9941553,1.0,0.41456582633053224,0.5861386138613861
0.9943039,1.0,0.4117647058823529,0.5833333333333334
0.9943052,1.0,0.40896358543417366,0.58051689860835
0.99435,1.0,0.4061624649859944,0.5776892430278885
0.9944548,1.0,0.40336134453781514,0.5748502994011977
0.99448544,1.0,0.4005602240896359,0.5720000000000001
0.99455947,1.0,0.39775910364145656,0.5691382765531062
0.99465734,1.0,0.3949579831932773,0.5662650602409639
0.9947126,1.0,0.39215686274509803,0.5633802816901409
0.99479324,1.0,0.38935574229691877,0.560483870967742
0.9949516,1.0,0.3865546218487395,0.5575757575757576
0.9949634,1.0,0.38375350140056025,0.5546558704453441
0.99497163,1.0,0.38095238095238093,0.5517241379310345
0.9950558,1.0,0.37815126050420167,0.5487804878048781
0.99518,1.0,0.3753501400560224,0.5458248472505092
0.9952429,1.0,0.37254901960784315,0.5428571428571428
0.9952447,1.0,0.3697478991596639,0.5398773006134969
0.9954438,1.0,0.36694677871148457,0.5368852459016393
0.9956092,1.0,0.3641456582633053,0.5338809034907597
0.9956161,1.0,0.36134453781512604,0.5308641975308642
0.99567634,1.0,0.3585434173669468,0.5278350515463918
0.9958117,1.0,0.3557422969187675,0.5247933884297521
0.9958248,1.0,0.35294117647058826,0.5217391304347826
0.9958454,1.0,0.35014005602240894,0.5186721991701244
0.9959487,1.0,0.3473389355742297,0.5155925155925155
0.9961444,1.0,0.3445378151260504,0.5125
0.9962896,1.0,0.34173669467787116,0.5093945720250521
0.9963838,1.0,0.3389355742296919,0.506276150627615
0.9964204,1.0,0.33613445378151263,0.5031446540880503
0.99645644,1.0,0.3333333333333333,0.5
0.99647313,1.0,0.33053221288515405,0.4968421052631579
0.9966264,1.0,0.3277310924369748,0.4936708860759494
0.9966272,1.0,0.32492997198879553,0.49048625792811845
0.99662906,1.0,0.32212885154061627,0.4872881355932204
0.9967115,1.0,0.31932773109243695,0.48407643312101906
0.9968034,1.0,0.3165266106442577,0.4808510638297872
0.996842,1.0,0.3137254901960784,0.47761194029850745
0.99684924,1.0,0.31092436974789917,0.47435897435897434
0.99709463,1.0,0.3081232492997199,0.47109207708779444
0.99726933,1.0,0.30532212885154064,0.4678111587982833
0.99727863,1.0,0.3025210084033613,0.46451612903225803
0.9973828,1.0,0.29971988795518206,0.4612068965517241
0.99740905,1.0,0.2969187675070028,0.45788336933045354
0.9976667,1.0,0.29411764705882354,0.45454545454545453
0.99768174,1.0,0.2913165266106443,0.4511930585683297
0.99771035,1.0,0.28851540616246496,0.44782608695652176
0.9977132,1.0,0.2857142857142857,0.4444444444444445
0.9977984,1.0,0.28291316526610644,0.44104803493449785
0.9979538,1.0,0.2801120448179272,0.43763676148796504
0.9979742,1.0,0.2773109243697479,0.43421052631578955
0.9979876,1.0,0.27450980392156865,0.43076923076923085
0.9980488,1.0,0.27170868347338933,0.42731277533039647
0.99818027,1.0,0.2689075630252101,0.423841059602649
0.99827874,1.0,0.2661064425770308,0.420353982300885
0.9983057,1.0,0.26330532212885155,0.41685144124168516
0.99836844,1.0,0.2605042016806723,0.4133333333333334
0.9983847,1.0,0.25770308123249297,0.40979955456570155
0.9984073,1.0,0.2549019607843137,0.40625
0.9984267,1.0,0.25210084033613445,0.40268456375838924
0.99842715,1.0,0.24929971988795518,0.3991031390134529
0.9984534,1.0,0.24649859943977592,0.3955056179775281
0.99849296,1.0,0.24369747899159663,0.3918918918918919
0.99854785,1.0,0.24089635854341737,0.38826185101580135
0.9986602,1.0,0.23809523809523808,0.3846153846153846
0.9987204,1.0,0.23529411764705882,0.38095238095238093
0.9987544,1.0,0.23249299719887956,0.37727272727272726
0.99875534,1.0,0.22969187675070027,0.37357630979498857
0.9987674,1.0,0.226890756302521,0.3698630136986301
0.9987915,1.0,0.22408963585434175,0.36613272311212813
0.99881387,1.0,0.22128851540616246,0.36238532110091737
0.99882025,1.0,0.2184873949579832,0.3586206896551724
0.9988625,1.0,0.21568627450980393,0.3548387096774193
0.9988796,1.0,0.21288515406162464,0.3510392609699769
0.9989115,1.0,0.21008403361344538,0.34722222222222227
0.9989247,1.0,0.20728291316526612,0.34338747099767986
0.9989648,1.0,0.20448179271708683,0.3395348837209302
0.9989722,1.0,0.20168067226890757,0.3356643356643357
0.9989761,1.0,0.19887955182072828,0.3317757009345794
0.9989766,1.0,0.19607843137254902,0.3278688524590164
0.9989858,1.0,0.19327731092436976,0.323943661971831
0.9990175,1.0,0.19047619047619047,0.32
0.99902284,1.0,0.1876750700280112,0.3160377358490566
0.9990558,1.0,0.18487394957983194,0.3120567375886525
0.99905926,1.0,0.18207282913165265,0.30805687203791465
0.9990797,1.0,0.1792717086834734,0.30403800475059384
0.9991042,1.0,0.17647058823529413,0.3
0.9991351,1.0,0.17366946778711484,0.29594272076372313
0.99914014,1.0,0.17086834733893558,0.29186602870813394
0.999146,1.0,0.16806722689075632,0.28776978417266186
0.99916553,1.0,0.16526610644257703,0.28365384615384615
0.9991868,1.0,0.16246498599439776,0.2795180722891566
0.9992218,1.0,0.15966386554621848,0.2753623188405797
0.9992337,1.0,0.1568627450980392,0.2711864406779661
0.9992538,1.0,0.15406162464985995,0.26699029126213597
0.99927336,1.0,0.15126050420168066,0.26277372262773724
0.9992829,1.0,0.1484593837535014,0.25853658536585367
0.99933726,1.0,0.14565826330532214,0.254278728606357
0.99935716,1.0,0.14285714285714285,0.25
0.99937963,1.0,0.1400560224089636,0.2457002457002457
0.9994123,1.0,0.13725490196078433,0.24137931034482762
0.9994498,1.0,0.13445378151260504,0.23703703703703705
0.99945587,1.0,0.13165266106442577,0.23267326732673269
0.99947137,1.0,0.12885154061624648,0.228287841191067
0.9994777,1.0,0.12605042016806722,0.22388059701492538
0.99948335,1.0,0.12324929971988796,0.21945137157107233
0.99949276,1.0,0.12044817927170869,0.215
0.99950147,1.0,0.11764705882352941,0.21052631578947367
0.99951005,1.0,0.11484593837535013,0.20603015075376882
0.99953246,1.0,0.11204481792717087,0.20151133501259447
0.99954647,1.0,0.1092436974789916,0.19696969696969696
0.99956447,1.0,0.10644257703081232,0.1924050632911392
0.99956495,1.0,0.10364145658263306,0.18781725888324874
0.99957734,1.0,0.10084033613445378,0.183206106870229
0.999584,1.0,0.09803921568627451,0.17857142857142855
0.9995846,1.0,0.09523809523809523,0.17391304347826084
0.99959475,1.0,0.09243697478991597,0.1692307692307692
0.9996425,1.0,0.0896358543417367,0.16452442159383035
0.99964666,1.0,0.08683473389355742,0.1597938144329897
0.9996532,1.0,0.08403361344537816,0.1550387596899225
0.9996594,1.0,0.08123249299719888,0.15025906735751296
0.99966884,1.0,0.0784313725490196,0.14545454545454545
0.9996724,1.0,0.07563025210084033,0.140625
0.999699,1.0,0.07282913165266107,0.13577023498694518
0.99972206,1.0,0.0700280112044818,0.13089005235602094
0.9997328,1.0,0.06722689075630252,0.12598425196850394
0.99974257,1.0,0.06442577030812324,0.12105263157894736
0.99974865,1.0,0.06162464985994398,0.11609498680738786
0.99974996,1.0,0.058823529411764705,0.1111111111111111
0.99975246,1.0,0.056022408963585436,0.10610079575596817
0.99975353,1.0,0.05322128851540616,0.10106382978723404
0.99975604,1.0,0.05042016806722689,0.096
0.9997583,1.0,0.047619047619047616,0.0909090909090909
0.9997662,1.0,0.04481792717086835,0.08579088471849866
0.9998023,1.0,0.04201680672268908,0.08064516129032258
0.9998054,1.0,0.0392156862745098,0.07547169811320754
0.9998123,1.0,0.036414565826330535,0.07027027027027027
0.99981505,1.0,0.03361344537815126,0.06504065040650406
0.99982244,1.0,0.03081232492997199,0.05978260869565218
0.9998228,1.0,0.028011204481792718,0.054495912806539516
0.999841,1.0,0.025210084033613446,0.049180327868852465
0.9998653,1.0,0.022408963585434174,0.043835616438356165
0.9998858,1.0,0.0196078431372549,0.038461538461538464
0.9998871,1.0,0.01680672268907563,0.03305785123966942
0.99988854,1.0,0.014005602240896359,0.027624309392265196
0.99989367,1.0,0.011204481792717087,0.0221606648199446
0.99991655,1.0,0.008403361344537815,0.016666666666666666
0.99992347,1.0,0.0056022408963585435,0.011142061281337047
0.9999285,1.0,0.0028011204481792717,0.00558659217877095
